PDBID,MUTATION,INITIAL,FINAL,STEP10,STEPS_MT_25,STEPS_MT_50,STEPS_MT_75,STEPS_MT_90,STEPS_MT_95,STEPS_MT10_25,STEPS_MT10_50,STEPS_MT10_75,STEPS_MT10_90,STEPS_MT10_95,STEPS_WT_25,STEPS_WT_50,STEPS_WT_75,STEPS_WT_90,STEPS_WT_95,STEPS_WT10_25,STEPS_WT10_50,STEPS_WT10_75,STEPS_WT10_90,STEPS_WT10_95,STEPS_WT_100
2DM8,G2841H,244763.0216,323.3881,137228.0582,1,16,49,92,139,24,43,77,120,231,3,22,56,99,170,24,43,77,121,232,-1
2DM8,G2841V,211832.8512,-21.5842,137081.6528,3,22,56,100,160,24,43,77,124,229,3,22,56,99,159,24,43,77,124,224,496
2DM8,G2838T,211739.8125,-477.8534,137063.9524,3,22,57,101,162,24,43,78,123,228,3,22,56,99,159,24,43,77,120,219,455
2DM8,G2842T,4390357.7395,74.4858,137454.8437,1,1,1,2,2,24,43,77,124,225,4,22,56,100,165,24,43,77,124,225,485
2DM8,G2840A,211319.5746,602.4377,136808.9009,3,22,56,98,156,24,43,77,119,242,3,22,56,99,164,24,43,77,120,253,-1
2DM8,G2840K,474131.743,-843.9528,137610.9502,1,1,18,63,96,24,43,78,124,246,3,22,56,99,148,24,43,77,120,225,430
2DM8,G2843C,179020.1686,-444.8804,136547.9104,11,30,65,109,195,24,43,78,123,231,3,22,56,99,159,24,43,77,120,219,467
2DM8,G2843I,12613449.999,348.6326,137864.7071,1,1,1,3,5,24,43,77,124,242,6,23,56,100,175,24,43,78,132,244,-1
2DM8,G2837Y,212309.3298,953.0178,137395.8162,3,23,57,101,194,24,44,78,154,270,3,23,57,103,207,25,44,79,161,293,-1
2DM8,G2839W,52975467.5022,-437.8571,137675.8288,1,1,1,1,1,24,43,78,137,240,4,23,56,100,160,24,43,78,124,226,476
2DM8,G2839C,200153.1651,657.6953,136942.5975,6,25,59,101,161,24,43,77,119,203,3,22,56,99,161,24,43,77,121,218,-1
2DM8,G2837M,1041377.7563,-508.5477,137507.6477,1,1,2,24,59,24,44,80,136,255,4,23,57,103,180,24,44,79,124,240,455
2DM8,G2839I,200452.3128,-673.3754,137241.712,6,25,60,104,177,24,43,78,129,242,3,22,56,99,155,24,43,77,121,228,448
2DM8,G2837G,211711.6892,-656.8619,137025.8282,3,23,57,100,158,24,43,78,123,227,3,22,56,99,140,24,43,77,121,211,455
2DM8,G2843W,9999999999.9999,-487.8586,140500.3483,3,3,3,4,4,24,44,78,127,245,8,24,58,101,167,25,45,79,126,238,454
2DM8,G2839D,200143.897,-294.5057,136932.8899,6,25,59,103,176,24,43,78,130,221,3,22,56,99,159,24,43,77,129,218,472
2DM8,G2839N,200198.373,-757.2031,136987.7712,6,25,60,104,174,24,43,78,130,232,3,22,56,99,153,24,43,77,120,223,444
2DM8,G2843P,11495911.6036,-416.1285,137155.5689,1,1,1,2,2,24,43,78,126,236,4,22,56,100,152,24,43,77,124,222,475
2DM8,G2837T,211725.629,290.5635,137109.1241,3,23,57,102,171,24,44,79,124,265,3,23,57,102,172,24,44,79,125,271,-1
2DM8,G2843D,262219.8026,334.3822,136903.942,1,13,45,88,122,24,43,77,120,218,3,22,56,99,153,24,43,77,120,224,-1
2DM8,G2843N,178990.099,-22.6698,136517.8732,11,30,65,108,194,24,43,77,121,237,3,22,56,99,159,24,43,77,120,237,486
2DM8,G2839P,200166.0607,785.7972,136955.4118,6,25,59,101,167,24,43,77,119,235,3,22,56,99,167,24,43,77,120,247,-1
2DM8,G2840R,573045206.9289,-135.8212,139589.3889,1,1,1,1,2,24,43,77,120,229,7,23,57,99,158,25,44,78,120,224,493
2DM8,G2840F,289651.7856,258.7318,138139.3164,1,8,40,84,118,24,43,77,120,249,3,23,56,100,166,24,43,78,121,250,-1
2DM8,G2840L,239490.1652,-522.9766,137242.48,1,17,50,94,150,24,43,78,123,238,3,22,56,99,156,24,43,77,121,224,447
2DM8,G2838M,211735.3501,-372.2465,137059.4105,3,22,57,101,159,24,43,78,122,229,3,22,56,99,151,24,43,77,120,217,456
2DM8,G2838G,211726.9964,-770.6034,137051.0437,3,23,57,101,171,24,43,78,133,235,3,22,56,99,159,24,43,77,124,225,424
2DM8,G2842Y,1394877.0195,-874.5795,138222.6686,1,1,1,10,43,24,43,78,131,233,4,23,57,100,152,24,43,78,124,214,433
2DM8,G2838S,211741.9241,165.6917,137066.1748,3,22,56,99,163,24,43,77,127,222,3,22,56,99,163,24,43,77,127,222,-1
2DM8,G2842M,528315052.8984,143.8997,140236.1122,1,2,2,3,4,24,43,77,124,248,8,24,57,100,181,25,44,78,131,249,497
2DM8,G2842G,211642.2039,-344.0285,136966.2846,3,22,56,100,162,24,43,78,122,229,3,22,56,99,154,24,43,77,120,214,477
2DM8,G2841Q,214148.7981,-537.4391,137002.0151,3,22,56,100,170,24,43,78,124,248,3,22,56,99,160,24,43,77,122,233,454
2DM8,G2841E,246853.1571,-695.3541,137627.2331,1,16,49,93,151,24,43,78,127,235,3,23,56,100,159,24,43,77,124,228,465
2DM8,G2841A,211121.8931,132.0764,136946.0267,3,22,56,100,157,24,43,77,124,234,3,22,56,99,157,24,43,77,124,234,496
2DM8,G2841K,238137.5225,-240.3204,137852.8196,1,17,50,94,141,24,43,77,123,245,3,23,56,99,156,24,43,77,121,234,478
2DM8,G2838C,211735.9229,-538.2464,137060.1381,3,23,57,101,159,24,43,78,123,229,3,22,56,99,152,24,43,77,120,214,454
2DM8,G2838I,211743.2362,186.8767,137067.3149,3,22,56,99,153,24,43,77,120,245,3,22,56,99,153,24,43,77,121,245,-1
2DM8,G2842W,9999999999.9999,-186.3617,139521.6377,1,1,1,1,1,24,43,77,124,225,6,23,57,100,160,25,44,78,124,224,466
2DM8,G2842C,786968.5779,428.6565,137304.4538,1,1,2,36,71,24,43,77,123,209,4,22,56,100,153,24,43,77,124,215,-1
2DM8,G2842I,785107.9906,577.3389,137648.7113,1,1,2,36,71,24,43,77,122,218,4,23,56,100,162,24,43,77,124,230,-1
2DM8,G2838W,211869.3877,-1008.6269,137193.4102,3,23,57,102,181,24,43,78,135,250,3,22,56,99,160,24,43,77,124,234,411
2DM8,G2840H,238401.2574,-809.1893,137368.3012,1,17,51,95,153,24,43,78,127,236,3,22,56,99,155,24,43,77,121,221,433
2DM8,G2843T,180382.676,-457.5252,136912.8397,11,30,65,109,197,24,43,78,123,243,3,22,56,99,160,24,43,77,120,230,464
2DM8,G2837D,211682.0204,-550.0666,137030.8332,3,23,57,101,178,24,43,78,136,258,3,22,56,100,169,24,43,78,129,244,478
2DM8,G2837N,211667.7164,689.6782,137004.5081,3,22,56,99,167,24,43,77,127,240,3,22,56,100,175,24,43,77,129,247,-1
2DM8,G2839T,200265.427,-318.8534,137054.9386,6,25,59,103,172,24,43,78,122,228,3,22,56,99,157,24,43,77,120,220,455
2DM8,G2837P,163339.2102,383.1081,97411.4014,2,19,54,102,185,24,45,81,155,262,1,6,41,89,142,8,27,63,116,214,-1
2DM8,G2839S,200130.4692,-311.2039,136919.8942,6,25,59,103,174,24,43,78,122,237,3,22,56,99,155,24,43,77,121,225,461
2DM8,G2843M,9999999999.9999,-58.0406,137711.5004,1,1,1,1,1,24,43,78,124,222,6,23,56,100,158,24,43,78,124,221,484
2DM8,G2843G,178989.1119,-146.4033,136516.8165,11,30,65,108,191,24,43,78,121,240,3,22,56,99,159,24,43,77,120,228,489
2DM8,G2839Y,338706.6155,505.4028,137553.1083,1,3,33,78,110,24,43,77,123,219,4,23,56,100,154,24,43,78,124,230,-1
2DM8,G2837W,4823668.1973,-195.1914,138628.1963,1,1,1,2,2,24,44,79,143,262,4,23,57,103,192,25,44,79,142,256,486
2DM8,G2843S,179029.2147,-146.068,136556.9119,11,30,65,108,190,24,43,78,121,232,3,22,56,99,159,24,43,77,120,220,474
2DM8,G2837C,211725.1576,182.6623,137062.3776,3,22,56,99,159,24,43,77,120,251,3,22,56,99,159,24,43,77,120,255,-1
2DM8,G2839M,1079327.564,-152.3909,137982.9477,1,1,2,22,56,24,43,77,124,237,4,23,56,100,161,24,43,77,124,234,487
2DM8,G2837I,211746.9812,123.9716,137117.0147,3,23,57,103,179,25,44,79,126,250,3,23,57,103,179,25,44,79,126,247,498
2DM8,G2839G,200091.0092,-9.245,136880.4229,6,25,59,103,169,24,43,77,121,230,3,22,56,99,158,24,43,77,120,226,491
2DM8,G2843Y,16810692.6687,-143.3053,139692.6835,1,1,1,2,3,24,43,78,125,244,6,23,57,101,160,25,44,78,125,240,491
2DM8,G2840E,215589.3268,-43.2907,137335.3131,3,22,55,99,171,24,43,77,124,234,3,22,56,99,171,24,43,77,123,227,481
2DM8,G2840Q,215293.7535,-452.0754,137322.3797,3,22,56,100,160,24,43,78,125,237,3,22,56,99,157,24,43,77,123,229,458
2DM8,G2842D,1144552.3888,-395.1836,137403.6087,1,1,1,19,53,24,43,78,125,229,3,22,56,99,160,24,43,77,124,217,461
2DM8,G2842N,968646.67,-723.699,137544.9368,1,1,2,27,62,24,43,78,136,234,4,22,56,99,154,24,43,77,124,220,447
2DM8,G2838P,211972.9883,12.0268,137283.6396,3,22,56,100,164,24,43,78,121,237,3,22,56,100,163,24,43,77,121,232,492
2DM8,G2838D,211686.2841,-501.55,137009.9803,3,22,57,101,170,24,43,78,123,248,3,22,56,99,160,24,43,77,120,232,456
2DM8,G2838N,211681.0618,11276.2965,137005.3963,3,20,49,81,99,22,39,67,93,109,3,22,56,99,-1,24,43,77,120,-1,-1
2DM8,G2842P,211925.7385,19.3031,137066.8885,3,22,56,100,156,24,43,77,121,230,3,22,56,99,155,24,43,77,121,225,489
2DM8,G2841F,238151.134,-113.6739,137548.7469,1,17,50,94,132,24,43,77,122,228,3,22,56,100,152,24,43,77,122,226,483
2DM8,G2841L,218260.9796,411.1353,137175.0124,2,21,54,97,152,24,43,77,123,222,3,22,56,99,159,24,43,77,124,227,-1
2DM8,G2841R,242874.8625,-666.1154,137709.9505,1,16,50,94,152,24,43,78,123,233,3,22,56,99,156,24,43,77,121,215,469
2DM8,G2838F,211746.9879,132.2956,137071.0224,3,22,56,99,150,24,43,77,121,218,3,22,56,99,149,24,43,77,120,218,498
2DM8,G2838L,211722.9855,74.4675,137047.0357,3,22,56,100,153,24,43,77,121,211,3,22,56,99,152,24,43,77,120,211,490
2DM8,G2842R,16363953.6886,-274.6886,137918.2174,1,1,1,1,2,24,43,77,124,226,4,23,56,99,158,24,43,77,123,219,469
2DM8,G2842F,9999999999.9999,198.0843,139582.6939,1,1,1,1,1,24,43,77,123,219,6,23,57,100,157,25,44,78,124,224,-1
2DM8,G2842L,841025.5673,263.863,138178.3335,1,1,3,33,68,24,43,77,127,223,5,23,57,100,157,24,43,78,128,224,-1
2DM8,G2838R,211582.9569,71.1886,136907.1986,3,22,56,99,162,24,43,77,127,232,3,22,56,99,162,24,43,77,127,231,491
2DM8,G2841P,1637371.8964,-379.667,137382.2538,1,1,2,3,35,24,43,78,129,233,4,23,56,100,151,24,43,77,124,220,472
2DM8,G2841D,210739.1472,-438.1533,136902.8829,3,23,57,101,171,24,43,78,134,239,3,22,56,99,164,24,43,77,127,228,465
2DM8,G2841N,210622.8779,271.904,136803.1892,3,23,56,99,161,24,43,77,123,258,3,22,56,99,162,24,43,77,123,259,-1
2DM8,G2843Q,55922135.3178,-160.886,136824.8887,1,1,1,1,1,24,43,78,125,235,4,22,56,99,156,24,43,77,123,225,484
2DM8,G2837A,211725.9845,-79.6514,137047.9245,3,22,56,100,165,24,43,77,120,234,3,22,56,99,162,24,43,77,119,232,486
2DM8,G2837K,3392157.0931,-684.354,139447.1719,1,1,1,2,4,24,43,78,128,250,5,23,57,100,174,24,44,78,125,237,470
2DM8,G2839E,200543.6056,596.3798,137332.8096,6,25,59,101,178,24,43,77,128,244,3,22,56,100,178,24,43,77,129,259,-1
2DM8,G2839Q,200344.3975,260.6123,137133.8162,6,25,59,102,178,24,43,77,120,251,3,22,56,99,171,24,43,77,120,252,-1
2DM8,G2843E,4294698.0598,-260.4748,137343.8393,1,1,1,2,3,24,43,78,130,253,4,23,56,100,165,24,43,77,128,238,469
2DM8,G2840S,211333.3247,-71.4763,136822.7132,3,22,56,100,161,24,43,77,121,236,3,22,56,99,156,24,43,77,120,230,477
2DM8,G2840Y,551401.2335,23.8437,138475.8371,1,1,11,55,87,24,43,77,121,211,4,23,57,100,152,24,43,78,121,211,487
2DM8,G2840M,215590.9065,-126.023,137304.34,3,22,55,99,161,24,43,78,125,250,3,22,56,99,160,24,43,77,124,243,487
2DM8,G2840G,211312.2215,-748.095,136801.5505,3,23,57,101,171,24,43,78,127,242,3,22,56,99,160,24,43,77,120,219,454
2DM8,G2840T,211391.5093,-337.8964,136880.9172,3,22,57,100,161,24,43,78,122,222,3,22,56,99,155,24,43,77,120,216,458
2DM8,G2839V,200489.0731,-98.0548,137012.5964,6,25,59,103,171,24,43,78,121,232,3,22,56,99,156,24,43,77,121,225,483
2DM8,G2843H,349419.5899,1210.8371,137842.1584,1,2,31,75,107,24,43,76,120,217,3,23,56,100,165,24,43,77,124,241,-1
2DM8,G2837R,351016.8377,-454.1129,138081.6163,1,2,32,78,114,24,44,79,136,249,4,23,57,103,169,24,44,79,125,236,477
2DM8,G2839H,202058.8531,40.5877,137040.8174,5,25,59,102,169,24,43,77,121,235,3,22,56,99,153,24,43,77,121,233,495
2DM8,G2837F,212662.8082,-51.3993,137387.3375,3,23,57,104,185,25,44,79,146,262,3,23,57,103,180,25,44,79,145,255,485
2DM8,G2837L,212046.0509,-254.3707,137162.9137,3,23,57,104,175,25,44,80,143,235,3,23,57,103,168,25,44,79,131,233,472
2DM8,G2841C,210903.2671,527.8539,136906.6132,3,22,56,99,158,24,43,77,123,216,3,22,56,99,161,24,43,77,125,223,-1
2DM8,G2841I,222742.9966,1299.8101,137217.6935,2,20,53,95,139,24,43,76,118,212,3,22,56,99,162,24,43,77,122,261,-1
2DM8,G2841W,210661.5767,398.1923,137106.6275,3,23,56,99,161,24,43,77,124,233,3,22,56,100,162,24,43,77,130,238,-1
2DM8,G2842A,211761.099,-345.2074,137085.1795,3,22,56,100,167,24,43,78,122,244,3,22,56,99,157,24,43,77,120,232,470
2DM8,G2842K,9999999999.9999,-135.2539,138293.2797,1,1,1,1,1,24,43,78,129,232,5,23,57,100,164,24,44,78,128,231,472
2DM8,G2838A,211734.9791,-613.8811,137059.0371,3,23,57,101,173,24,43,78,132,251,3,22,56,99,162,24,43,77,129,231,461
2DM8,G2838K,211777.8913,104.7299,137102.0188,3,22,56,100,169,24,43,77,121,247,3,22,56,99,169,24,43,77,121,247,494
2DM8,G2838Q,211697.2193,-897.0097,137021.3133,3,23,57,102,181,24,43,78,124,242,3,22,56,99,162,24,43,77,120,232,446
2DM8,G2842E,10511160.3508,-303.8672,138247.5123,1,1,1,1,2,24,43,78,125,238,4,23,57,100,159,24,43,78,124,231,467
2DM8,G2842Q,2128036.2517,354.5911,138379.9755,1,1,2,3,22,24,43,77,123,216,4,23,56,100,160,24,43,78,124,228,-1
2DM8,G2838E,211719.0438,-114.0323,137042.6703,3,22,56,100,175,24,43,78,128,243,3,22,56,99,173,24,43,77,126,236,474
2DM8,G2841M,241777.7657,164.5787,137577.7613,1,16,49,93,144,24,43,77,121,223,3,22,56,100,156,24,43,77,122,229,-1
2DM8,G2841G,209843.3496,-530.8744,136621.466,3,23,57,101,175,24,43,78,126,253,3,22,56,99,159,24,43,77,123,240,460
2DM8,G2841S,210832.5584,71.7387,136919.8323,3,23,56,100,158,24,43,77,121,225,3,22,56,99,158,24,43,77,121,225,490
2DM8,G2841Y,315916.4796,12.794,137564.7021,1,4,36,81,117,24,43,77,131,226,3,22,56,100,166,24,43,77,131,226,492
2DM8,G2837V,213068.8076,244.3986,137668.132,3,23,57,102,167,24,44,79,126,236,3,23,57,103,170,25,44,79,131,241,-1
2DM8,G2843F,1036579.0162,-540.096,139312.9074,1,1,2,24,59,24,43,78,127,238,4,23,57,100,155,24,44,78,125,223,462
2DM8,G2843L,628876.4764,-406.2075,137643.8224,1,1,4,48,82,24,43,78,122,232,3,22,56,99,155,24,43,77,121,224,462
2DM8,G2839R,345812.3551,-213.2899,137918.1711,1,2,32,77,110,24,43,77,121,234,4,23,56,99,149,24,43,77,120,231,479
2DM8,G2837H,211726.3366,-373.006,137050.7902,3,22,57,100,167,24,43,78,129,259,3,22,56,99,155,24,43,77,127,248,475
2DM8,G2839F,294073.6237,-46.8945,137612.799,1,7,40,84,121,24,43,77,124,235,3,23,56,100,165,24,43,77,124,230,488
2DM8,G2843R,10771671.3627,459.6632,138897.0721,1,1,1,2,2,24,43,77,125,237,5,23,57,100,170,24,44,78,127,247,-1
2DM8,G2840D,214073.44,8.2672,136996.3752,3,22,56,99,165,24,43,77,129,244,3,22,56,99,165,24,43,77,129,239,484
2DM8,G2840N,372070.5697,-919.3169,137268.1781,1,2,29,75,109,24,43,78,132,248,3,22,56,99,168,24,43,77,124,235,453
2DM8,G2840P,211357.1413,-147.4327,136846.5442,3,22,56,100,164,24,43,78,122,233,3,22,56,99,159,24,43,77,121,228,473
2DM8,G2840W,115044634.8809,-99.9718,139209.4815,4,4,4,5,5,24,43,78,122,247,7,23,57,100,169,24,44,78,122,241,485
2DM8,G2840C,211385.279,-734.1533,136874.6504,3,23,57,101,169,24,43,78,129,233,3,22,56,99,153,24,43,77,120,216,446
2DM8,G2840I,215151.4736,53.8517,137247.1262,3,22,55,99,167,24,43,77,122,241,3,22,56,100,168,24,43,77,122,240,484
2DM8,G2839A,200097.8654,-254.1111,136887.2728,6,25,59,103,169,24,43,78,122,236,3,22,56,99,157,24,43,77,121,220,470
2DM8,G2839K,202199.117,517.26,137599.4041,6,24,58,101,159,24,43,77,119,241,3,22,56,99,159,24,43,77,120,248,-1
2DM8,G2837E,211712.8781,-317.986,137076.16,3,23,58,105,185,25,44,79,145,242,3,23,57,104,178,24,44,79,144,239,475
2DM8,G2837Q,245041.3711,-169.0333,137632.644,1,16,50,97,158,24,44,80,133,268,3,23,57,104,173,25,44,79,127,250,489
2DM8,G2843A,179013.6953,67.2362,136541.3953,11,30,65,108,190,24,43,77,121,229,3,22,56,99,159,24,43,77,120,225,493
2DM8,G2843K,938935.6443,-152.9003,137758.006,1,1,2,28,63,24,43,78,125,227,4,23,57,100,165,24,43,78,124,221,483
2DM8,G2842V,25011797.0247,-419.2897,137563.1771,1,1,1,1,1,24,43,78,126,237,4,23,56,100,161,24,43,77,124,222,456
2DM8,G2838H,211735.3742,7.544,137059.5889,3,22,56,100,166,24,43,77,131,232,3,22,56,99,165,24,43,77,125,226,482
2DM8,G2838V,211735.8764,-403.4551,137059.9639,3,22,57,101,166,24,43,78,123,233,3,22,56,99,158,24,43,77,121,227,468
2DM8,G2842H,9999999999.9999,188.5398,138237.5503,1,1,1,1,2,24,43,77,123,244,6,23,57,100,159,24,43,78,124,245,-1
