MUTATION,OUTLIERS
G2842G,0
G2842F,0
G2842E,1
G2842D,1
G2842C,0
G2842A,1
G2842N,1
G2842M,1
G2842L,0
G2842K,0
G2842I,0
G2842H,1
G2842W,1
G2842V,0
G2842T,0
G2842R,1
G2842Q,1
G2842P,1
G2842Y,1
G2843Y,0
G2843P,1
G2843Q,0
G2843R,0
G2843S,1
G2843T,0
G2843W,1
G2843H,1
G2843I,1
G2843K,0
G2843L,1
G2843M,1
G2843N,1
G2843A,1
G2843C,1
G2843D,1
G2843E,1
G2843F,1
G2843G,1
G2841D,1
G2841Y,1
G2839A,0
G2839E,0
G2841S,0
G2841P,0
G2839F,1
G2841N,0
G2838K,0
G2838H,1
G2838I,1
G2838N,1
G2838L,0
G2838M,0
G2838C,0
G2838A,1
G2838F,0
G2838G,1
G2838D,0
G2838E,1
G2839Q,0
G2841G,0
G2838R,0
G2838S,1
G2838P,0
G2838Q,1
G2838V,0
G2838W,1
G2838T,0
G2839R,1
G2839T,0
G2841A,0
G2837G,1
G2837F,1
G2837E,0
G2837D,1
G2837C,0
G2837N,0
G2837M,1
G2837L,0
G2837K,1
G2837I,1
G2837H,1
G2837W,1
G2837V,0
G2837T,1
G2837R,1
G2837Q,0
G2837P,1
G2837Y,0
G2840Y,1
G2840T,0
G2840W,1
G2840Q,1
G2840P,1
G2840S,0
G2840R,1
G2840M,0
G2840L,1
G2840N,1
G2840I,0
G2840H,1
G2840K,1
G2840E,0
G2840D,0
G2840G,1
G2840F,1
G2840A,0
G2840C,1
G2839I,1
G2839H,1
G2839K,1
G2839M,1
G2839N,1
G2841V,0
G2841W,0
G2839C,0
G2841R,1
G2839D,0
G2839G,1
G2841Q,1
G2839Y,1
G2841L,0
G2841M,0
G2841K,0
G2841H,1
G2841I,0
G2841F,1
G2839P,0
G2839S,0
G2841E,1
G2841C,0
G2839W,1
G2839V,0
