PDBID,MUTATION,EM_METRIC,NORMALIZED_EM_METRIC,SOFTMAX_EM_METRIC
2HE2,B516C,-11,0.34375,7.579969940071679e-10
2HE2,B516I,-9,0.28125,1.0258373787646108e-10
2HE2,B516W,-5,0.15625,1.878886698801824e-12
2HE2,B515A,-8,0.25,3.773844816327022e-11
2HE2,B515K,-6,0.1875,5.107343571086401e-12
2HE2,B517T,-10,0.3125,2.7885151056499003e-10
2HE2,B514H,-4,0.125,6.912037887796711e-13
2HE2,B513E,-1,0.03125,3.441301028810007e-14
2HE2,B514V,1,0.03125,3.441301028810007e-14
2HE2,B513Q,7,0.21875,1.3883199220981292e-11
2HE2,B513V,-14,0.4375,1.5224776610796233e-08
2HE2,B514Q,8,0.25,3.773844816327022e-11
2HE2,B517S,-11,0.34375,7.579969940071679e-10
2HE2,B517Y,-10,0.3125,2.7885151056499003e-10
2HE2,B517M,-12,0.375,2.060449454836264e-09
2HE2,B517G,-11,0.34375,7.579969940071679e-10
2HE2,B515R,-10,0.3125,2.7885151056499003e-10
2HE2,B515F,-9,0.28125,1.0258373787646108e-10
2HE2,B515L,-8,0.25,3.773844816327022e-11
2HE2,B516P,-9,0.28125,1.0258373787646108e-10
2HE2,B516D,-4,0.125,6.912037887796711e-13
2HE2,B516N,2,0.0625,9.35442605287166e-14
2HE2,B516T,-9,0.28125,1.0258373787646108e-10
2HE2,B515V,-7,0.21875,1.3883199220981292e-11
2HE2,B515H,-1,0.03125,3.441301028810007e-14
2HE2,B517W,-9,0.28125,1.0258373787646108e-10
2HE2,B517C,-11,0.34375,7.579969940071679e-10
2HE2,B517I,-3,0.09375,2.5427966355184907e-13
2HE2,B513R,-8,0.25,3.773844816327022e-11
2HE2,B513F,-9,0.28125,1.0258373787646108e-10
2HE2,B514A,-7,0.21875,1.3883199220981292e-11
2HE2,B514K,0,0.0,1.265983899381335e-14
2HE2,B513L,-9,0.28125,1.0258373787646108e-10
2HE2,B514F,-6,0.1875,5.107343571086401e-12
2HE2,B513A,-12,0.375,2.060449454836264e-09
2HE2,B513K,-2,0.0625,9.35442605287166e-14
2HE2,B514L,-10,0.3125,2.7885151056499003e-10
2HE2,B514R,-13,0.40625,5.600882311539763e-09
2HE2,B517D,3,0.09375,2.5427966355184907e-13
2HE2,B517N,-12,0.375,2.060449454836264e-09
2HE2,B517P,3,0.09375,2.5427966355184907e-13
2HE2,B515E,-13,0.40625,5.600882311539763e-09
2HE2,B515Q,-9,0.28125,1.0258373787646108e-10
2HE2,B516M,-13,0.40625,5.600882311539763e-09
2HE2,B516G,-11,0.34375,7.579969940071679e-10
2HE2,B516Y,-9,0.28125,1.0258373787646108e-10
2HE2,B515S,-11,0.34375,7.579969940071679e-10
2HE2,B515Y,-12,0.375,2.060449454836264e-09
2HE2,B515M,-4,0.125,6.912037887796711e-13
2HE2,B515G,-8,0.25,3.773844816327022e-11
2HE2,B516Q,-11,0.34375,7.579969940071679e-10
2HE2,B516E,-11,0.34375,7.579969940071679e-10
2HE2,B514P,3,0.09375,2.5427966355184907e-13
2HE2,B513W,-12,0.375,2.060449454836264e-09
2HE2,B514D,-3,0.09375,2.5427966355184907e-13
2HE2,B513C,-32,1.0,0.999658362387632
2HE2,B513I,1,0.03125,3.441301028810007e-14
2HE2,B514N,-10,0.3125,2.7885151056499003e-10
2HE2,B517R,-13,0.40625,5.600882311539763e-09
2HE2,B517F,-10,0.3125,2.7885151056499003e-10
2HE2,B517L,-4,0.125,6.912037887796711e-13
2HE2,B517A,-11,0.34375,7.579969940071679e-10
2HE2,B517K,1,0.03125,3.441301028810007e-14
2HE2,B513D,-13,0.40625,5.600882311539763e-09
2HE2,B514C,-10,0.3125,2.7885151056499003e-10
2HE2,B514I,-9,0.28125,1.0258373787646108e-10
2HE2,B513N,-20,0.625,6.142113259289937e-06
2HE2,B513P,15,0.46875,4.1385233603475685e-08
2HE2,B514W,-7,0.21875,1.3883199220981292e-11
2HE2,B516H,-11,0.34375,7.579969940071679e-10
2HE2,B516V,-9,0.28125,1.0258373787646108e-10
2HE2,B515D,-9,0.28125,1.0258373787646108e-10
2HE2,B515N,-11,0.34375,7.579969940071679e-10
2HE2,B515P,0,0.0,1.265983899381335e-14
2HE2,B516F,-1,0.03125,3.441301028810007e-14
2HE2,B516L,-11,0.34375,7.579969940071679e-10
2HE2,B516R,-12,0.375,2.060449454836264e-09
2HE2,B514M,-6,0.1875,5.107343571086401e-12
2HE2,B514G,-7,0.21875,1.3883199220981292e-11
2HE2,B513T,-5,0.15625,1.878886698801824e-12
2HE2,B514S,1,0.03125,3.441301028810007e-14
2HE2,B514Y,-8,0.25,3.773844816327022e-11
2HE2,B517E,-2,0.0625,9.35442605287166e-14
2HE2,B517Q,-1,0.03125,3.441301028810007e-14
2HE2,B517H,-8,0.25,3.773844816327022e-11
2HE2,B514T,-6,0.1875,5.107343571086401e-12
2HE2,B513S,-14,0.4375,1.5224776610796233e-08
2HE2,B513Y,-13,0.40625,5.600882311539763e-09
2HE2,B513M,-3,0.09375,2.5427966355184907e-13
2HE2,B513G,-24,0.75,0.0003353480212512765
2HE2,B516A,-11,0.34375,7.579969940071679e-10
2HE2,B516K,-11,0.34375,7.579969940071679e-10
2HE2,B515W,-14,0.4375,1.5224776610796233e-08
2HE2,B515C,-10,0.3125,2.7885151056499003e-10
2HE2,B515I,-7,0.21875,1.3883199220981292e-11
