PDBID,MUTATION,MT10_95,Z_MT10_95,D_MT10_95,Z_D_MT10_95,WT10_95,Z_WT10_95,D_WT10_95,Z_D_WT10_95,BELOW_WT
2HE2,B516C,109,-0.3765695779886212,-11,-0.37656957798862195,109,-0.5456819447835308,-11,-0.545681944783531,469
2HE2,B516I,112,-0.04013594248154514,-8,-0.040135942481545936,111,-0.23150143112028576,-9,-0.2315014311202859,428
2HE2,B516W,115,0.2962976930255309,-5,0.2962976930255301,115,0.3968595962062045,-5,0.3968595962062043,-1
2HE2,B515A,112,-0.04013594248154514,-8,-0.040135942481545936,112,-0.0744111742886632,-8,-0.07441117428866334,470
2HE2,B515K,114,0.18415314785650555,-6,0.18415314785650475,114,0.23976933937458192,-6,0.23976933937458178,-1
2HE2,B517T,111,-0.15228048765057048,-9,-0.15228048765057128,110,-0.3885916879519083,-10,-0.38859168795190846,421
2HE2,B514H,116,0.4084422381945562,-4,0.40844223819455544,116,0.5539498530378271,-4,0.5539498530378268,-1
2HE2,B513E,118,0.6327313285326069,-2,0.6327313285326062,119,1.0252206235326946,-1,1.0252206235326946,-1
2HE2,B514V,117,0.5205867833635816,-3,0.5205867833635808,121,1.3394011371959398,1,1.3394011371959398,-1
2HE2,B513Q,133,2.314899506067987,13,2.3148995060679862,127,2.281942678185675,7,2.281942678185675,410
2HE2,B513V,106,-0.7130032134956972,-14,-0.713003213495698,106,-1.0169527152783986,-14,-1.0169527152783986,482
2HE2,B514Q,127,1.642032235053835,7,1.642032235053834,128,2.439032935017298,8,2.439032935017298,-1
2HE2,B517S,110,-0.26442503281959584,-10,-0.2644250328195966,109,-0.5456819447835308,-11,-0.545681944783531,431
2HE2,B517Y,108,-0.4887141231576465,-12,-0.4887141231576473,110,-0.3885916879519083,-10,-0.38859168795190846,495
2HE2,B517M,107,-0.6008586683266719,-13,-0.6008586683266727,108,-0.7027722016151534,-12,-0.7027722016151535,-1
2HE2,B517G,110,-0.26442503281959584,-10,-0.2644250328195966,109,-0.5456819447835308,-11,-0.545681944783531,424
2HE2,B515R,112,-0.04013594248154514,-8,-0.040135942481545936,110,-0.3885916879519083,-10,-0.38859168795190846,276
2HE2,B515F,108,-0.4887141231576465,-12,-0.4887141231576473,111,-0.23150143112028576,-9,-0.2315014311202859,-1
2HE2,B515L,112,-0.04013594248154514,-8,-0.040135942481545936,112,-0.0744111742886632,-8,-0.07441117428866334,463
2HE2,B516P,112,-0.04013594248154514,-8,-0.040135942481545936,111,-0.23150143112028576,-9,-0.2315014311202859,484
2HE2,B516D,122,1.0813095092087084,2,1.0813095092087075,116,0.5539498530378271,-4,0.5539498530378268,399
2HE2,B516N,122,1.0813095092087084,2,1.0813095092087075,122,1.4964913940275624,2,1.4964913940275624,398
2HE2,B516T,111,-0.15228048765057048,-9,-0.15228048765057128,111,-0.23150143112028576,-9,-0.2315014311202859,433
2HE2,B515V,117,0.5205867833635816,-3,0.5205867833635808,113,0.08267908254295936,-7,0.08267908254295922,451
2HE2,B515H,118,0.6327313285326069,-2,0.6327313285326062,119,1.0252206235326946,-1,1.0252206235326946,-1
2HE2,B517W,110,-0.26442503281959584,-10,-0.2644250328195966,111,-0.23150143112028576,-9,-0.2315014311202859,-1
2HE2,B517C,110,-0.26442503281959584,-10,-0.2644250328195966,109,-0.5456819447835308,-11,-0.545681944783531,420
2HE2,B517I,116,0.4084422381945562,-4,0.40844223819455544,117,0.7110401098694495,-3,0.7110401098694494,-1
2HE2,B513R,114,0.18415314785650555,-6,0.18415314785650475,112,-0.0744111742886632,-8,-0.07441117428866334,264
2HE2,B513F,111,-0.15228048765057048,-9,-0.15228048765057128,111,-0.23150143112028576,-9,-0.2315014311202859,-1
2HE2,B514A,108,-0.4887141231576465,-12,-0.4887141231576473,113,0.08267908254295936,-7,0.08267908254295922,-1
2HE2,B514K,115,0.2962976930255309,-5,0.2962976930255301,120,1.1823108803643172,0,1.1823108803643172,-1
2HE2,B513L,111,-0.15228048765057048,-9,-0.15228048765057128,111,-0.23150143112028576,-9,-0.2315014311202859,472
2HE2,B514F,112,-0.04013594248154514,-8,-0.040135942481545936,114,0.23976933937458192,-6,0.23976933937458178,-1
2HE2,B513A,108,-0.4887141231576465,-12,-0.4887141231576473,108,-0.7027722016151534,-12,-0.7027722016151535,454
2HE2,B513K,118,0.6327313285326069,-2,0.6327313285326062,118,0.8681303667010721,-2,0.868130366701072,444
2HE2,B514L,107,-0.6008586683266719,-13,-0.6008586683266727,110,-0.3885916879519083,-10,-0.38859168795190846,-1
2HE2,B514R,108,-0.4887141231576465,-12,-0.4887141231576473,107,-0.859862458446776,-13,-0.8598624584467761,375
2HE2,B517D,123,1.1934540543777337,3,1.1934540543777328,123,1.653581650859185,3,1.653581650859185,370
2HE2,B517N,109,-0.3765695779886212,-11,-0.37656957798862195,108,-0.7027722016151534,-12,-0.7027722016151535,360
2HE2,B517P,123,1.1934540543777337,3,1.1934540543777328,123,1.653581650859185,3,1.653581650859185,-1
2HE2,B515E,108,-0.4887141231576465,-12,-0.4887141231576473,107,-0.859862458446776,-13,-0.8598624584467761,347
2HE2,B515Q,112,-0.04013594248154514,-8,-0.040135942481545936,111,-0.23150143112028576,-9,-0.2315014311202859,396
2HE2,B516M,107,-0.6008586683266719,-13,-0.6008586683266727,107,-0.859862458446776,-13,-0.8598624584467761,469
2HE2,B516G,110,-0.26442503281959584,-10,-0.2644250328195966,109,-0.5456819447835308,-11,-0.545681944783531,414
2HE2,B516Y,112,-0.04013594248154514,-8,-0.040135942481545936,111,-0.23150143112028576,-9,-0.2315014311202859,440
2HE2,B515S,109,-0.3765695779886212,-11,-0.37656957798862195,109,-0.5456819447835308,-11,-0.545681944783531,472
2HE2,B515Y,108,-0.4887141231576465,-12,-0.4887141231576473,108,-0.7027722016151534,-12,-0.7027722016151535,498
2HE2,B515M,116,0.4084422381945562,-4,0.40844223819455544,116,0.5539498530378271,-4,0.5539498530378268,-1
2HE2,B515G,112,-0.04013594248154514,-8,-0.040135942481545936,112,-0.0744111742886632,-8,-0.07441117428866334,492
2HE2,B516Q,109,-0.3765695779886212,-11,-0.37656957798862195,109,-0.5456819447835308,-11,-0.545681944783531,367
2HE2,B516E,110,-0.26442503281959584,-10,-0.2644250328195966,109,-0.5456819447835308,-11,-0.545681944783531,411
2HE2,B514P,119,0.7448758737016322,-1,0.7448758737016314,123,1.653581650859185,3,1.653581650859185,-1
2HE2,B513W,102,-1.1615813941717985,-18,-1.1615813941717994,108,-0.7027722016151534,-12,-0.7027722016151535,-1
2HE2,B514D,120,0.8570204188706576,0,0.8570204188706568,117,0.7110401098694495,-3,0.7110401098694494,407
2HE2,B513C,88,-2.7316050265381535,-32,-2.7316050265381544,88,-3.8445773382476047,-32,-3.8445773382476047,472
2HE2,B513I,121,0.969164964039683,1,0.9691649640396821,121,1.3394011371959398,1,1.3394011371959398,-1
2HE2,B514N,110,-0.26442503281959584,-10,-0.2644250328195966,110,-0.3885916879519083,-10,-0.38859168795190846,422
2HE2,B517R,109,-0.3765695779886212,-11,-0.37656957798862195,107,-0.859862458446776,-13,-0.8598624584467761,278
2HE2,B517F,108,-0.4887141231576465,-12,-0.4887141231576473,110,-0.3885916879519083,-10,-0.38859168795190846,-1
2HE2,B517L,115,0.2962976930255309,-5,0.2962976930255301,116,0.5539498530378271,-4,0.5539498530378268,-1
2HE2,B517A,110,-0.26442503281959584,-10,-0.2644250328195966,109,-0.5456819447835308,-11,-0.545681944783531,431
2HE2,B517K,121,0.969164964039683,1,0.9691649640396821,121,1.3394011371959398,1,1.3394011371959398,474
2HE2,B513D,107,-0.6008586683266719,-13,-0.6008586683266727,107,-0.859862458446776,-13,-0.8598624584467761,460
2HE2,B514C,109,-0.3765695779886212,-11,-0.37656957798862195,110,-0.3885916879519083,-10,-0.38859168795190846,-1
2HE2,B514I,107,-0.6008586683266719,-13,-0.6008586683266727,111,-0.23150143112028576,-9,-0.2315014311202859,-1
2HE2,B513N,101,-1.273725939340824,-19,-1.2737259393408247,100,-1.959494256268134,-20,-1.959494256268134,354
2HE2,B513P,171,6.57639222249095,51,6.5763922224909495,135,3.538664732838656,15,3.538664732838656,-1
2HE2,B514W,103,-1.0494368490027732,-17,-1.0494368490027741,113,0.08267908254295936,-7,0.08267908254295922,-1
2HE2,B516H,109,-0.3765695779886212,-11,-0.37656957798862195,109,-0.5456819447835308,-11,-0.545681944783531,415
2HE2,B516V,112,-0.04013594248154514,-8,-0.040135942481545936,111,-0.23150143112028576,-9,-0.2315014311202859,426
2HE2,B515D,113,0.0720086026874802,-7,0.07200860268747941,111,-0.23150143112028576,-9,-0.2315014311202859,350
2HE2,B515N,114,0.18415314785650555,-6,0.18415314785650475,109,-0.5456819447835308,-11,-0.545681944783531,382
2HE2,B515P,114,0.18415314785650555,-6,0.18415314785650475,120,1.1823108803643172,0,1.1823108803643172,-1
2HE2,B516F,119,0.7448758737016322,-1,0.7448758737016314,119,1.0252206235326946,-1,1.0252206235326946,-1
2HE2,B516L,109,-0.3765695779886212,-11,-0.37656957798862195,109,-0.5456819447835308,-11,-0.545681944783531,429
2HE2,B516R,110,-0.26442503281959584,-10,-0.2644250328195966,108,-0.7027722016151534,-12,-0.7027722016151535,261
2HE2,B514M,114,0.18415314785650555,-6,0.18415314785650475,114,0.23976933937458192,-6,0.23976933937458178,-1
2HE2,B514G,112,-0.04013594248154514,-8,-0.040135942481545936,113,0.08267908254295936,-7,0.08267908254295922,-1
2HE2,B513T,115,0.2962976930255309,-5,0.2962976930255301,115,0.3968595962062045,-5,0.3968595962062043,464
2HE2,B514S,121,0.969164964039683,1,0.9691649640396821,121,1.3394011371959398,1,1.3394011371959398,-1
2HE2,B514Y,111,-0.15228048765057048,-9,-0.15228048765057128,112,-0.0744111742886632,-8,-0.07441117428866334,-1
2HE2,B517E,88,-2.7316050265381535,-32,-2.7316050265381544,118,0.8681303667010721,-2,0.868130366701072,-1
2HE2,B517Q,119,0.7448758737016322,-1,0.7448758737016314,119,1.0252206235326946,-1,1.0252206235326946,453
2HE2,B517H,113,0.0720086026874802,-7,0.07200860268747941,112,-0.0744111742886632,-8,-0.07441117428866334,422
2HE2,B514T,114,0.18415314785650555,-6,0.18415314785650475,114,0.23976933937458192,-6,0.23976933937458178,-1
2HE2,B513S,106,-0.7130032134956972,-14,-0.713003213495698,106,-1.0169527152783986,-14,-1.0169527152783986,477
2HE2,B513Y,107,-0.6008586683266719,-13,-0.6008586683266727,107,-0.859862458446776,-13,-0.8598624584467761,483
2HE2,B513M,116,0.4084422381945562,-4,0.40844223819455544,117,0.7110401098694495,-3,0.7110401098694494,-1
2HE2,B513G,96,-1.8344486651859506,-24,-1.8344486651859515,96,-2.587855283594624,-24,-2.587855283594624,478
2HE2,B516A,109,-0.3765695779886212,-11,-0.37656957798862195,109,-0.5456819447835308,-11,-0.545681944783531,452
2HE2,B516K,110,-0.26442503281959584,-10,-0.2644250328195966,109,-0.5456819447835308,-11,-0.545681944783531,433
2HE2,B515W,105,-0.8251477586647226,-15,-0.8251477586647233,106,-1.0169527152783986,-14,-1.0169527152783986,-1
2HE2,B515C,110,-0.26442503281959584,-10,-0.2644250328195966,110,-0.3885916879519083,-10,-0.38859168795190846,499
2HE2,B515I,112,-0.04013594248154514,-8,-0.040135942481545936,113,0.08267908254295936,-7,0.08267908254295922,-1
