"PDB","MUTATION","RIGIDITY_METRIC","NORMALIZED_RA_METRIC","Z_SCORE"
"2HE2","B516C",12,1.4201379580102718e-97,0.8544520741234249
"2HE2","B516I",-1165,0.0,-0.9143174638015518
"2HE2","B516W",-7,8.954135640771486e-113,0.7835392060508314
"2HE2","B515A",-1131,0.0,-1.0439867082771515
"2HE2","B515K",-1041,0.0,-1.2101254277615134
"2HE2","B517T",24,6.89001509906914e-89,0.8949737130220499
"2HE2","B514H",-1114,0.0,-1.0622214457815327
"2HE2","B513E",9,4.065171291747877e-117,0.7632783866015189
"2HE2","B513Q",9,9.568814292462674e-100,0.8443216643987688
"2HE2","B514V",-1128,0.0,-1.0500649541119451
"2HE2","B514Q",-1097,0.0,-1.096664838845364
"2HE2","B513V",24,5.09107080895011e-88,0.8990258769119124
"2HE2","B517S",-1160,0.0,-0.940656529085658
"2HE2","B517Y",5,3.209979588460643e-103,0.8281130088393188
"2HE2","B517M",65,1.0,1.3062683478430925
"2HE2","B517G",-1058,0.0,-1.147316887468645
"2HE2","B515R",20,2.0538845540408258e-85,0.9111823685814998
"2HE2","B515F",20,8.854771883513433e-70,0.9841213185990246
"2HE2","B515L",13,1.7525894717410477e-101,0.8362173366190437
"2HE2","B516P",-1058,0.0,-1.131108231909195
"2HE2","B516D",-1056,0.0,-1.1959428541469947
"2HE2","B516N",1,6.191247643210744e-125,0.7268089115927565
"2HE2","B516T",23,1.3838965267367376e-87,0.9010519588568436
"2HE2","B515V",-1137,0.0,-1.015621561048114
"2HE2","B515H",-1049,0.0,-1.2101254277615134
"2HE2","B517W",32,7.868448159078602e-63,1.0165386297179246
"2HE2","B517C",-1154,0.0,-0.9528130207552454
"2HE2","B517I",-1206,0.0,-0.892030562407308
"2HE2","B513R",24,8.285961676100547e-83,0.9233388602510872
"2HE2","B514A",-1018,0.0,-1.1837863624774074
"2HE2","B513F",8,2.601073401110048e-99,0.8463477463437
"2HE2","B513L",9,1.2949981925089835e-100,0.8402695005089063
"2HE2","B514K",-1100,0.0,-1.10679524857002
"2HE2","B513A",22,2.3113425714217192e-92,0.8787650574625999
"2HE2","B514F",-5,3.380306677163709e-123,0.7349132393724815
"2HE2","B514L",-1117,0.0,-1.056143199946739
"2HE2","B513K",34,2.6395702969591894e-66,1.0003299741584746
"2HE2","B514R",-1098,0.0,-1.1108474124598826
"2HE2","B517D",-1059,0.0,-1.189864608312201
"2HE2","B517N",-1139,0.0,-0.9832042499292141
"2HE2","B517P",-1017,0.0,-1.2749600499993134
"2HE2","B515E",-1036,0.0,-1.2364644930456197
"2HE2","B515Q",19,5.22439558379172e-98,0.8524259921784937
"2HE2","B516M",6,1.7984862202794635e-111,0.7896174518856252
"2HE2","B516G",-1141,0.0,-0.9791520860393517
"2HE2","B516Y",0,3.5201700545844787e-100,0.8422955824538375
"2HE2","B515S",-1036,0.0,-1.2202558374861698
"2HE2","B515Y",17,4.125337404615185e-84,0.9172606144162936
"2HE2","B515M",5,4.344234967880666e-104,0.8240608449494563
"2HE2","B515G",39,2.252357905545217e-82,0.9253649421960185
"2HE2","B516Q",-995,0.0,-1.2668557222195884
"2HE2","B516E",-1153,0.0,-0.9548391027001767
"2HE2","B513W",-1115,0.0,-1.015621561048114
"2HE2","B514P",27,1.0225689071173033e-86,0.905104122746706
"2HE2","B513C",21,6.282880511239462e-92,0.8807911394075312
"2HE2","B514D",11,2.4977275669152505e-122,0.7389654032623441
"2HE2","B514N",-1158,0.0,-0.9285000374160705
"2HE2","B513I",-5,2.219508320972814e-115,0.771382714381244
"2HE2","B517R",36,1.1379798735078682e-50,1.0732689241759994
"2HE2","B517F",38,7.868448159078602e-63,1.0165386297179246
"2HE2","B517L",31,2.7086952666810816e-76,0.953730089425056
"2HE2","B517A",-1153,0.0,-0.9386304471407267
"2HE2","B517K",-1059,0.0,-1.173655952752751
"2HE2","B514C",24,4.23337158863185e-94,0.8706607296828749
"2HE2","B513D",-1057,0.0,-1.1939167722020636
"2HE2","B513N",18,1.0493479039958717e-96,0.8585042380132875
"2HE2","B514I",-1035,0.0,-1.1331343138541263
"2HE2","B514W",-1050,0.0,-1.1432647235787825
"2HE2","B513P",33,3.0482349509718567e-83,0.9213127783061561
"2HE2","B516H",-996,0.0,-1.2769861319442446
"2HE2","B516V",-1148,0.0,-0.9487608568653829
"2HE2","B515D",-1039,0.0,-1.181760280532476
"2HE2","B515N",-1023,0.0,-1.262803558329726
"2HE2","B515P",16,6.033249137014046e-115,0.7734087963261752
"2HE2","B516F",-1,2.219508320972814e-115,0.771382714381244
"2HE2","B516L",10,1.598154732301378e-104,0.822034763004525
"2HE2","B516R",1,5.8792826982452694e-105,0.8200086810595938
"2HE2","B514M",14,1.0493479039958717e-96,0.8585042380132875
"2HE2","B514G",-1111,0.0,-1.0845083471757764
"2HE2","B514S",26,9.324621449370601e-90,0.8909215491321874
"2HE2","B513T",16,4.23337158863185e-94,0.8706607296828749
"2HE2","B514Y",14,9.324621449370601e-90,0.8909215491321874
"2HE2","B517E",15,2.001470128041443e-75,0.9577822533149185
"2HE2","B517Q",25,4.642455656042647e-91,0.8848433032973937
"2HE2","B517H",46,9.462629465836378e-57,1.044903776946962
"2HE2","B513S",17,2.107671607097867e-95,0.8645824838480812
"2HE2","B514T",-996,0.0,-1.3012991152834195
"2HE2","B513Y",7,3.209979588460643e-103,0.8281130088393188
"2HE2","B513M",-1050,0.0,-1.147316887468645
"2HE2","B513G",29,1.5573703742969461e-94,0.8686346477379436
"2HE2","B516A",-996,0.0,-1.3012991152834195
"2HE2","B516K",3,3.209979588460643e-103,0.8281130088393188
"2HE2","B515W",20,2.194878508014299e-72,0.9719648269294372
"2HE2","B515C",11,3.6123561383267394e-110,0.7956956977204189
"2HE2","B515I",-1046,0.0,-1.1999950180368573
