PDBID,MUTATION,INITIAL,FINAL,STEP10,STEPS_MT_25,STEPS_MT_50,STEPS_MT_75,STEPS_MT_90,STEPS_MT_95,STEPS_MT10_25,STEPS_MT10_50,STEPS_MT10_75,STEPS_MT10_90,STEPS_MT10_95,STEPS_WT_25,STEPS_WT_50,STEPS_WT_75,STEPS_WT_90,STEPS_WT_95,STEPS_WT10_25,STEPS_WT10_50,STEPS_WT10_75,STEPS_WT10_90,STEPS_WT10_95,STEPS_WT_100,9,22,41,63,83,9,22,41,63,83,2,12,32,56,73,9,22,41,63,83,1,1,13,39,57,9,22,41,63,83,8,20,40,62,85,9,21,41,63,96,9,21,41,63,81,9,22,44,66,89,9,21,42,63,80,9,22,41,63,92,9,22,41,63,85,1,1,1,1,2,1,1,1,1,1,9,22,41,63,83,9,22,41,63,83,1,1,1,13,33,9,22,41,63,83,9,22,41,63,83,9,21,41,63,86,8,20,40,62,81,9,22,41,63,83,9,22,41,63,86,1,1,1,1,1,1,1,1,2,2,9,22,41,63,85,9,21,41,63,88,9,21,41,63,89,9,22,42,64,82,9,22,41,63,82,9,21,41,63,83,9,21,41,63,84,1,1,1,18,38,9,22,42,64,82,9,21,41,63,95,9,22,41,63,82,9,22,41,63,81,3,15,35,58,76,9,22,41,63,85,3,15,35,59,76,9,21,41,63,85,9,22,41,63,84,1,1,5,32,51,9,22,41,63,83,9,22,41,63,83,9,22,41,63,85,1,1,1,9,30,1,1,7,34,52,9,22,41,63,83,9,22,41,63,83,9,22,41,63,83,1,1,1,1,2,1,1,1,2,2,9,22,41,63,84,9,21,41,63,80,9,21,42,64,89,9,22,41,63,82,1,1,1,1,2,1,1,1,1,2,9,21,41,63,87,9,22,41,63,85,9,21,41,63,86,9,22,42,64,81,9,22,41,63,82,9,22,41,63,82,9,22,42,64,81,10,22,43,68,129,2,2,3,3,3,9,22,41,63,83,9,22,41,63,83,9,22,41,63,84,9,22,41,63,88,9,21,41,63,83,9,21,41,63,84,9,22,41,63,83,9,22,41,63,83,9,22,41,63,82,9,22,41,63,81,9,22,41,63,81,9,22,41,63,81,1,1,6,33,52,8,19,39,60,74,6,18,38,61,79,9,22,41,63,84,9,22,41,63,82,9,22,42,64,82,9,22,42,64,83,1,1,2,15,36,9,21,45,67,84,9,22,41,63,83,9,22,41,63,83,1,1,1,1,2,9,22,41,63,83,9,22,41,63,84
MBDLG3,B517L,9999999999.9999,-1190.4425,45370.3012,1,1,1,1,1,19,30,49,74,131,1,1,1,1,1,19,30,49,74,131,499
MBDLG3,B517F,9999999999.9999,792.5059,161439.7723,1,1,2,2,2,11,11,18,42,60,1,1,2,2,2,24,35,56,127,302,-1
MBDLG3,B517R,9999999999.9999,-1364.8001,46381.6986,1,1,1,1,1,19,30,49,75,141,1,1,1,1,1,20,30,50,75,136,334
MBDLG3,B513I,9999999999.9999,-1168.9406,45116.8726,1,1,1,1,1,19,29,49,74,130,1,1,1,1,1,19,29,49,74,130,-1
MBDLG3,B514N,9999999999.9999,-1180.7283,45095.7996,1,1,1,1,1,19,30,49,74,131,1,1,1,1,1,19,30,49,74,131,-1
MBDLG3,B514D,9999999999.9999,-1187.4305,45093.3753,1,1,1,1,1,19,30,49,74,132,1,1,1,1,1,19,30,49,74,132,-1
MBDLG3,B513C,9999999999.9999,-1160.0652,45116.1054,1,1,1,1,1,19,29,49,74,126,1,1,1,1,1,19,29,49,74,129,-1
MBDLG3,B514P,9999999999.9999,-1060.7103,45844.034,1,1,1,1,1,19,30,49,74,134,1,1,1,1,1,19,30,50,75,141,-1
MBDLG3,B513W,9999999999.9999,-1103.2503,45156.9365,1,1,1,1,1,19,31,50,77,126,1,1,1,1,1,19,31,50,77,129,-1
MBDLG3,B516E,9999999999.9999,-1230.8198,45100.1268,1,1,1,1,1,19,30,49,74,128,1,1,1,1,1,19,30,49,74,124,436
MBDLG3,B516Q,9999999999.9999,-1233.2287,45355.3584,1,1,1,1,1,19,30,49,74,123,1,1,1,1,1,19,30,49,74,123,421
MBDLG3,B515G,607113.2264,-1181.4993,44605.6794,1,1,1,2,22,19,30,49,74,125,0,0,0,0,0,18,30,49,74,125,-1
MBDLG3,B515M,9999999999.9999,-1185.2727,47514.3325,1,1,1,1,2,19,29,49,74,136,1,1,1,1,2,21,31,50,75,146,-1
MBDLG3,B515Y,9999999999.9999,676.0226,48383.5736,2,2,2,2,3,19,30,49,74,133,2,2,2,2,3,22,33,55,119,293,-1
MBDLG3,B515S,12334418.7994,-1164.2704,44836.1985,1,1,1,1,1,19,30,49,74,124,0,0,0,0,0,18,30,49,74,124,-1
MBDLG3,B516V,9999999999.9999,-1229.364,45092.5068,1,1,1,1,1,19,30,49,74,127,1,1,1,1,1,19,30,49,74,123,438
MBDLG3,B516H,9999999999.9999,-1243.0386,45442.472,1,1,1,1,1,19,30,49,74,127,1,1,1,1,1,19,30,49,74,124,422
MBDLG3,B513P,9999999999.9999,-1027.8001,32517.5257,1,1,1,1,1,20,32,53,123,194,1,1,1,1,1,10,22,44,89,162,-1
MBDLG3,B514W,9999999999.9999,-1113.3066,47147.2024,1,1,1,1,1,19,30,49,74,127,1,1,1,1,1,20,31,51,76,132,-1
MBDLG3,B514I,9999999999.9999,-1123.864,45149.6706,1,1,1,1,1,19,30,49,74,128,1,1,1,1,1,19,30,49,74,134,-1
MBDLG3,B513N,9999999999.9999,-1242.0711,45073.0538,1,1,1,1,1,19,30,50,78,126,1,1,1,1,1,19,30,50,78,126,434
MBDLG3,B513D,9999999999.9999,-1191.2804,45116.2706,1,1,1,1,1,19,30,49,74,129,1,1,1,1,1,19,30,49,74,129,494
MBDLG3,B514C,9999999999.9999,-1131.8136,45147.2487,1,1,1,1,1,19,30,49,74,132,1,1,1,1,1,19,30,49,74,132,-1
MBDLG3,B517K,9999999999.9999,-1168.2274,46154.9459,1,1,1,1,1,19,30,49,74,134,1,1,1,1,1,20,30,50,75,134,-1
MBDLG3,B517A,9999999999.9999,-1193.5234,45025.8452,1,1,1,1,1,19,30,49,74,122,1,1,1,1,1,19,30,49,74,122,490
MBDLG3,B517Q,9999999999.9999,-1248.8613,45574.9671,1,1,1,1,1,19,30,49,74,131,1,1,1,1,1,19,30,49,74,131,418
MBDLG3,B517E,9999999999.9999,-1239.7728,45383.2255,1,1,1,1,1,19,30,49,74,130,1,1,1,1,1,19,30,49,74,130,453
MBDLG3,B514Y,9999999999.9999,-1134.8654,45882.548,1,1,1,1,1,19,30,49,74,128,1,1,1,1,1,20,30,49,75,129,-1
MBDLG3,B513T,9999999999.9999,-1170.9111,45126.1838,1,1,1,1,1,19,29,49,74,130,1,1,1,1,1,19,29,49,74,130,-1
MBDLG3,B514S,9999999999.9999,-1101.2747,45156.003,1,1,1,1,1,19,30,49,74,132,1,1,1,1,1,19,30,49,74,133,-1
MBDLG3,B514G,9999999999.9999,-1140.3044,45140.9023,1,1,1,1,1,19,30,49,74,138,1,1,1,1,1,19,30,49,74,138,-1
MBDLG3,B514M,9999999999.9999,-1165.6248,45142.6651,1,1,1,1,1,19,30,49,74,129,1,1,1,1,1,19,30,49,74,129,-1
MBDLG3,B516R,9999999999.9999,-1460.5654,44957.0867,1,1,1,1,1,19,30,49,74,128,1,1,1,1,1,19,30,49,73,121,292
MBDLG3,B516L,9999999999.9999,-1190.4771,45264.9823,1,1,1,1,1,19,30,49,74,128,1,1,1,1,1,19,30,49,74,128,498
MBDLG3,B516F,9999999999.9999,-1221.6205,45111.0235,1,1,1,1,1,19,30,49,74,128,1,1,1,1,1,19,30,49,74,124,455
MBDLG3,B515P,6610109.1899,-1142.9559,45904.055,1,1,1,1,2,19,30,49,75,120,0,0,0,0,0,19,30,50,75,126,-1
MBDLG3,B515N,19157205.0488,-1237.6394,44818.8602,1,1,1,1,1,19,30,49,74,126,0,0,0,0,0,18,30,49,74,123,440
MBDLG3,B515D,9922454.8629,-1239.7447,44956.9496,1,1,1,1,1,19,30,49,74,125,0,0,0,0,0,18,30,49,74,122,421
MBDLG3,B515I,9999999999.9999,-1130.2627,46769.1201,1,1,2,2,2,19,30,49,74,146,1,1,2,2,2,20,30,50,75,151,-1
MBDLG3,B515C,15358895.2998,-1161.7679,44914.9799,1,1,1,1,1,19,30,49,74,125,0,0,0,0,0,18,30,49,74,125,-1
MBDLG3,B515W,9999999999.9999,-1132.0124,49061.9806,1,1,1,2,2,19,30,51,75,125,1,1,1,2,2,22,33,53,78,132,-1
MBDLG3,B516K,9999999999.9999,-1238.7912,45303.5353,1,1,1,1,1,19,30,49,74,129,1,1,1,1,1,19,30,49,74,128,443
MBDLG3,B516A,9999999999.9999,-1225.1655,45095.0093,1,1,1,1,1,19,30,49,74,127,1,1,1,1,1,19,30,49,74,124,443
MBDLG3,B513G,9999999999.9999,-1182.7216,45053.3941,1,1,1,1,1,18,29,48,74,120,1,1,1,1,1,18,29,48,74,120,-1
MBDLG3,B513M,9999999999.9999,-1170.3567,45097.1909,1,1,1,1,1,19,30,48,73,130,1,1,1,1,1,19,30,48,73,130,-1
MBDLG3,B513Y,9999999999.9999,-1185.7373,45110.3786,1,1,1,1,1,19,29,49,75,138,1,1,1,1,1,19,29,49,75,138,-1
MBDLG3,B514T,9999999999.9999,-1161.1824,45146.4854,1,1,1,1,1,19,30,49,74,124,1,1,1,1,1,19,30,49,74,124,-1
MBDLG3,B513S,9999999999.9999,-1168.0776,45121.6558,1,1,1,1,1,19,29,49,74,125,1,1,1,1,1,19,29,49,75,126,-1
MBDLG3,B517H,9999999999.9999,-1243.2892,45309.5468,1,1,1,1,1,19,30,49,74,132,1,1,1,1,1,19,30,49,74,132,453
MBDLG3,B514V,9999999999.9999,-1110.015,45147.2818,1,1,1,1,1,19,30,49,74,135,1,1,1,1,1,19,30,49,74,140,-1
MBDLG3,B513Q,9999999999.9999,-1203.3688,45094.2557,1,1,1,1,1,19,30,49,75,130,1,1,1,1,1,19,30,49,74,130,469
MBDLG3,B513E,9999999999.9999,-1245.0947,45104.9734,1,1,1,1,1,19,29,49,75,129,1,1,1,1,1,19,29,49,75,128,450
MBDLG3,B514H,9999999999.9999,-1147.156,45435.7296,1,1,1,1,1,19,30,49,74,124,1,1,1,1,1,19,30,49,74,125,-1
MBDLG3,B517T,9999999999.9999,-1223.5027,44968.214,1,1,1,1,1,19,30,49,74,121,1,1,1,1,1,19,30,49,74,121,468
MBDLG3,B515K,15944166.5746,-1141.8437,45523.8793,1,1,1,1,1,19,30,49,74,129,0,0,0,0,0,19,30,49,75,133,-1
MBDLG3,B515A,11950326.91,-1167.6853,44807.1383,1,1,1,1,1,19,30,49,74,129,0,0,0,0,0,18,30,49,74,129,-1
MBDLG3,B516W,9999999999.9999,-1209.5715,45905.7234,1,1,1,1,1,19,30,49,75,132,1,1,1,1,1,20,30,50,75,132,469
MBDLG3,B516I,9999999999.9999,-1225.2133,45098.2315,1,1,1,1,1,19,30,49,74,127,1,1,1,1,1,19,30,49,74,123,450
MBDLG3,B516C,9999999999.9999,-1181.4156,45100.857,1,1,1,1,1,19,30,49,74,123,1,1,1,1,1,19,30,49,74,123,-1
MBDLG3,B516N,9999999999.9999,-1249.1595,45059.6636,1,1,1,1,1,19,30,49,74,121,1,1,1,1,1,19,30,49,74,120,409
MBDLG3,B516D,9999999999.9999,-1197.2378,45097.2312,1,1,1,1,1,19,30,49,74,144,1,1,1,1,1,19,30,49,74,144,484
MBDLG3,B516P,9999999999.9999,-1194.9281,45122.5632,1,1,1,1,1,19,30,49,74,124,1,1,1,1,1,19,30,49,74,124,492
MBDLG3,B515L,16188265.6227,-1181.2719,45137.6452,1,1,1,1,1,19,30,49,74,127,0,0,0,0,0,19,30,49,74,127,-1
MBDLG3,B515F,9999999999.9999,696.6986,48437.2573,2,2,2,2,2,19,30,49,74,129,2,2,2,2,2,22,33,55,121,297,-1
MBDLG3,B515R,9999999999.9999,-1338.3278,46770.7387,1,1,1,1,2,19,30,49,73,124,1,1,1,1,2,20,30,49,74,123,327
MBDLG3,B517G,9999999999.9999,-1187.7636,44803.9689,1,1,1,1,1,19,30,49,74,121,1,1,1,1,1,19,30,49,74,121,-1
MBDLG3,B517M,9999999999.9999,-1156.9388,46070.2702,1,1,1,1,1,19,30,49,74,130,1,1,1,1,1,20,30,50,75,134,-1
MBDLG3,B517Y,9999999999.9999,778.415,140349.0991,1,1,2,2,2,11,11,22,46,64,1,1,2,2,2,25,35,56,122,319,-1
MBDLG3,B517S,9999999999.9999,-1196.7997,44995.8511,1,1,1,1,1,19,30,49,74,123,1,1,1,1,1,19,30,49,74,123,485
MBDLG3,B513V,9999999999.9999,-1119.7326,45116.3754,1,1,1,1,1,19,29,49,74,126,1,1,1,1,1,19,29,49,74,132,-1
MBDLG3,B514Q,9999999999.9999,-1217.0889,45112.362,1,1,1,1,1,19,30,49,74,134,1,1,1,1,1,19,30,49,74,133,470
MBDLG3,B514K,9999999999.9999,-1144.5077,45222.6846,1,1,1,1,1,19,30,49,74,131,1,1,1,1,1,19,30,49,75,134,-1
MBDLG3,B513L,9999999999.9999,-1149.0219,45090.6024,1,1,1,1,1,19,30,49,79,135,1,1,1,1,1,19,30,49,79,141,-1
MBDLG3,B513F,9999999999.9999,-1173.7598,45116.1712,1,1,1,1,1,19,29,49,75,127,1,1,1,1,1,19,29,49,75,127,-1
MBDLG3,B514A,9999999999.9999,-1107.5224,45148.3393,1,1,1,1,1,19,30,49,74,130,1,1,1,1,1,19,30,49,74,135,-1
MBDLG3,B513R,9999999999.9999,-1362.1739,44938.6144,1,1,1,1,1,19,29,49,75,133,1,1,1,1,1,19,29,48,73,129,320
MBDLG3,B517I,9999999999.9999,-1207.4539,45316.4908,1,1,1,1,1,19,30,49,74,130,1,1,1,1,1,19,30,49,74,130,483
MBDLG3,B517C,9999999999.9999,-1218.2361,44971.5418,1,1,1,1,1,19,30,49,74,123,1,1,1,1,1,19,30,49,74,123,462
MBDLG3,B517W,9999999999.9999,-1149.2696,46296.5124,1,1,1,1,1,19,30,49,75,132,1,1,1,1,1,20,30,50,76,137,-1
MBDLG3,B515H,9999999999.9999,-1191.865,48903.4183,1,1,1,2,2,19,30,50,74,133,1,1,1,2,2,22,32,52,77,139,498
MBDLG3,B515V,9999999999.9999,-1197.3324,46093.4552,1,1,2,2,2,19,30,49,74,143,1,1,2,2,2,20,30,50,75,143,490
MBDLG3,B516T,9999999999.9999,-1230.4567,45094.9,1,1,1,1,1,19,30,49,74,126,1,1,1,1,1,19,30,49,74,123,441
MBDLG3,B516Y,9999999999.9999,-1191.161,45661.64,1,1,1,1,1,19,30,49,74,123,1,1,1,1,1,19,30,49,74,124,495
MBDLG3,B516G,9999999999.9999,-1226.7696,45086.5218,1,1,1,1,1,19,30,49,74,125,1,1,1,1,1,19,30,49,74,124,446
MBDLG3,B516M,9999999999.9999,-1154.0914,45901.634,1,1,1,1,1,19,29,49,74,127,1,1,1,1,1,20,30,49,74,133,-1
MBDLG3,B515Q,15651708.4039,-1228.355,44971.0101,1,1,1,1,1,18,30,49,74,125,0,0,0,0,0,18,30,49,74,122,456
MBDLG3,B515E,14690081.4578,-1233.0122,45399.8147,1,1,1,1,1,19,30,49,74,127,0,0,0,0,0,19,30,49,74,127,447
MBDLG3,B517P,9999999999.9999,-1160.5311,45253.2697,1,1,1,1,1,19,30,49,74,123,1,1,1,1,1,19,30,49,74,127,-1
MBDLG3,B517N,9999999999.9999,-1300.3728,44924.7962,1,1,1,1,1,19,30,49,74,128,1,1,1,1,1,19,30,49,74,123,362
MBDLG3,B517D,9999999999.9999,-1228.3769,46375.7259,1,2,2,2,2,19,30,49,74,125,1,2,2,2,2,20,30,50,75,125,444
MBDLG3,B514R,9999999999.9999,-1339.3764,45045.5726,1,1,1,1,1,19,30,49,74,138,1,1,1,1,1,19,30,49,73,132,342
MBDLG3,B513K,9999999999.9999,-1159.2782,45134.6837,1,1,1,1,1,19,29,49,74,137,1,1,1,1,1,19,29,49,74,137,-1
MBDLG3,B514L,9999999999.9999,-1127.3335,45157.1256,1,1,1,1,1,19,30,49,74,126,1,1,1,1,1,19,30,49,74,132,-1
MBDLG3,B514F,9999999999.9999,-1069.3214,45777.0226,1,1,1,1,1,19,30,49,74,132,1,1,1,1,1,19,30,49,75,139,-1
MBDLG3,B513A,9999999999.9999,-1174.3561,45097.5266,1,1,1,1,1,19,29,49,74,124,1,1,1,1,1,19,29,49,74,124,-1
