"PDB","MUTATION","RIGIDITY_METRIC","NORMALIZED_RD_METRIC","Z_SCORE"
"MBDLG3","B517E",-3,1.887899369374539e-55,0.6152213293385168
"MBDLG3","B517Q",-748,0.0,-1.3446422698843092
"MBDLG3","B514M",22,1.3593800405092794e-44,0.680988564211766
"MBDLG3","B514G",24,1.0044535379089685e-43,0.6862499430016259
"MBDLG3","B514S",18,2.48979139345208e-46,0.6704658066320461
"MBDLG3","B513T",-2,5.131842549730099e-55,0.6178520187334468
"MBDLG3","B514Y",32,2.994233796442061e-40,0.7072954581610656
"MBDLG3","B516F",-1,1.3949794349444264e-54,0.6204827081283767
"MBDLG3","B516L",-727,0.0,-1.2893977925907798
"MBDLG3","B516R",-860,0.0,-1.6392794821164658
"MBDLG3","B515D",52,1.4526980249534107e-31,0.759909246059665
"MBDLG3","B515N",0,3.791947249083501e-54,0.6231133975233066
"MBDLG3","B515P",-713,0.0,-1.2525681410617604
"MBDLG3","B515W",-4,6.945193649934236e-56,0.6125906399435868
"MBDLG3","B515C",7,4.1583750883565446e-51,0.6415282232878164
"MBDLG3","B515I",-3,1.887899369374539e-55,0.6152213293385168
"MBDLG3","B516A",11,2.2703958696818004e-49,0.6520509808675363
"MBDLG3","B516K",-872,0.0,-1.6708477548556253
"MBDLG3","B513S",7,4.1583750883565446e-51,0.6415282232878164
"MBDLG3","B514T",55,2.917821981844353e-30,0.7678013142444549
"MBDLG3","B513Y",5,5.627748703868073e-52,0.6362668444979566
"MBDLG3","B513M",5,5.627748703868073e-52,0.6362668444979566
"MBDLG3","B513G",11,2.2703958696818004e-49,0.6520509808675363
"MBDLG3","B517H",86,8.475937210055091e-17,0.8493526854872839
"MBDLG3","B517R",-867,0.0,-1.6576943078809754
"MBDLG3","B517F",118,0.006692850924284819,0.9335347461250428
"MBDLG3","B517L",-752,0.0,-1.3551650274640292
"MBDLG3","B513W",-4,6.945193649934236e-56,0.6125906399435868
"MBDLG3","B514P",33,8.139171319026393e-40,0.7099261475559956
"MBDLG3","B513C",15,1.2395941432751796e-47,0.6625737384472562
"MBDLG3","B514D",-702,0.0,-1.2236305577175306
"MBDLG3","B514N",19,6.767954701474515e-46,0.6730964960269761
"MBDLG3","B513I",-9,4.6796346711641164e-58,0.5994371929689369
"MBDLG3","B516Q",-723,0.0,-1.27887503501106
"MBDLG3","B516E",6,1.5297807036858528e-51,0.6388975338928865
"MBDLG3","B515S",7,4.1583750883565446e-51,0.6415282232878164
"MBDLG3","B515Y",31,1.1015170557717516e-40,0.7046647687661357
"MBDLG3","B515M",-856,0.0,-1.6287567245367458
"MBDLG3","B515G",-710,0.0,-1.2446760728769704
"MBDLG3","B516H",9,3.0726466808262207e-50,0.6467896020776763
"MBDLG3","B516V",-7,3.4578083107732545e-57,0.6046985717587969
"MBDLG3","B514C",18,2.48979139345208e-46,0.6704658066320461
"MBDLG3","B513D",26,7.421963540378732e-43,0.6915113217914858
"MBDLG3","B513N",-717,0.0,-1.2630908986414802
"MBDLG3","B514I",10,8.352319637764916e-50,0.6494202914726064
"MBDLG3","B514W",25,2.730387799629348e-43,0.6888806323965558
"MBDLG3","B513P",59,1.5930768233474425e-28,0.7783240718241747
"MBDLG3","B517A",-841,0.0,-1.5892963836127962
"MBDLG3","B517K",-759,0.0,-1.373579853228539
"MBDLG3","B513R",-6,9.399297497469604e-57,0.6073292611537269
"MBDLG3","B514A",25,2.730387799629348e-43,0.6888806323965558
"MBDLG3","B513F",-4,6.945193649934236e-56,0.6125906399435868
"MBDLG3","B513L",-9,4.6796346711641164e-58,0.5994371929689369
"MBDLG3","B514K",-3,1.887899369374539e-55,0.6152213293385168
"MBDLG3","B517W",-851,0.0,-1.615603277562096
"MBDLG3","B517C",-838,0.0,-1.5814043154280064
"MBDLG3","B517I",-850,0.0,-1.612972588167166
"MBDLG3","B515V",16,3.3695662343291787e-47,0.6652044278421861
"MBDLG3","B515H",-795,0.0,-1.4682846714460178
"MBDLG3","B516T",29,1.490741227328297e-41,0.6994033899762757
"MBDLG3","B516M",-911,0.0,-1.7734446412578941
"MBDLG3","B516G",44,4.873258969996599e-35,0.7388637309002253
"MBDLG3","B516Y",-727,0.0,-1.2893977925907798
"MBDLG3","B515E",3,7.616329648224656e-53,0.6310054657080966
"MBDLG3","B515Q",7,4.1583750883565446e-51,0.6415282232878164
"MBDLG3","B517D",-837,0.0,-1.5787736260330765
"MBDLG3","B517N",-833,0.0,-1.5682508684533565
"MBDLG3","B517P",-827,0.0,-1.5524667320837768
"MBDLG3","B513A",6,1.5297807036858528e-51,0.6388975338928865
"MBDLG3","B514F",23,3.6951780620862946e-44,0.683619253606696
"MBDLG3","B514L",6,1.5297807036858528e-51,0.6388975338928865
"MBDLG3","B513K",-2,5.131842549730099e-55,0.6178520187334468
"MBDLG3","B514R",-5,2.5549939587652206e-56,0.6099599505486568
"MBDLG3","B514H",25,2.730387799629348e-43,0.6888806323965558
"MBDLG3","B513E",35,6.01407934750934e-39,0.7151875263458556
"MBDLG3","B513Q",-722,0.0,-1.27624434561613
"MBDLG3","B514V",11,2.2703958696818004e-49,0.6520509808675363
"MBDLG3","B517T",-831,0.0,-1.5629894896634966
"MBDLG3","B515A",-705,0.0,-1.2315226259023206
"MBDLG3","B515K",-747,0.0,-1.3420115804893793
"MBDLG3","B516C",0,3.791947249083501e-54,0.6231133975233066
"MBDLG3","B516I",0,3.791947249083501e-54,0.6231133975233066
"MBDLG3","B516W",1,1.0307581301658946e-53,0.6257440869182367
"MBDLG3","B516P",3,7.616329648224656e-53,0.6310054657080966
"MBDLG3","B516D",23,3.6951780620862946e-44,0.683619253606696
"MBDLG3","B516N",3,7.616329648224656e-53,0.6310054657080966
"MBDLG3","B515R",22,1.3593800405092794e-44,0.680988564211766
"MBDLG3","B515F",-813,0.0,-1.5156370805547572
"MBDLG3","B515L",1,1.0307581301658946e-53,0.6257440869182367
"MBDLG3","B517S",-838,0.0,-1.5814043154280064
"MBDLG3","B517Y",123,0.9933071490757097,0.9466881930996927
"MBDLG3","B517M",65,6.426930607842978e-26,0.7941082081937546
"MBDLG3","B517G",-730,0.0,-1.2972898607755698
"MBDLG3","B514Q",54,1.0734067201186509e-30,0.7651706248495249
"MBDLG3","B513V",26,7.421963540378732e-43,0.6915113217914858
