PDBID,MUTATION,CLUSTER_SIZE,COUNT
3RL7,G2841K,3,24
3RL7,G2841K,4,15
3RL7,G2841K,5,148
3RL7,G2841K,6,20
3RL7,G2841K,11,3
3RL7,G2841K,12,1
3RL7,G2841K,18,1
3RL7,G2841K,22,1
3RL7,G2841K,71,1
3RL7,G2841K,774,1
3RL7,G2841A,3,24
3RL7,G2841A,4,14
3RL7,G2841A,5,135
3RL7,G2841A,6,16
3RL7,G2841A,11,4
3RL7,G2841A,12,2
3RL7,G2841A,18,1
3RL7,G2841A,19,1
3RL7,G2841A,22,1
3RL7,G2841A,852,1
3RL7,G2838W,3,53
3RL7,G2838W,4,18
3RL7,G2838W,5,193
3RL7,G2838W,6,48
3RL7,G2838W,7,1
3RL7,G2838W,11,5
3RL7,G2838W,12,2
3RL7,G2838W,13,1
3RL7,G2838W,22,1
3RL7,G2838W,71,1
3RL7,G2838W,496,1
3RL7,G2842I,3,62
3RL7,G2842I,4,18
3RL7,G2842I,5,215
3RL7,G2842I,6,53
3RL7,G2842I,7,1
3RL7,G2842I,11,5
3RL7,G2842I,12,3
3RL7,G2842I,13,1
3RL7,G2842I,19,1
3RL7,G2842I,22,1
3RL7,G2842I,69,1
3RL7,G2842I,71,1
3RL7,G2842I,321,1
3RL7,G2842C,3,44
3RL7,G2842C,4,15
3RL7,G2842C,5,181
3RL7,G2842C,6,38
3RL7,G2842C,7,1
3RL7,G2842C,11,3
3RL7,G2842C,12,2
3RL7,G2842C,13,2
3RL7,G2842C,15,1
3RL7,G2842C,18,1
3RL7,G2842C,19,1
3RL7,G2842C,22,2
3RL7,G2842C,585,1
3RL7,G2842W,3,50
3RL7,G2842W,4,17
3RL7,G2842W,5,191
3RL7,G2842W,6,45
3RL7,G2842W,7,1
3RL7,G2842W,11,4
3RL7,G2842W,12,1
3RL7,G2842W,13,1
3RL7,G2842W,18,1
3RL7,G2842W,22,2
3RL7,G2842W,71,1
3RL7,G2842W,509,1
3RL7,G2838I,3,46
3RL7,G2838I,4,16
3RL7,G2838I,5,185
3RL7,G2838I,6,39
3RL7,G2838I,7,1
3RL7,G2838I,11,4
3RL7,G2838I,12,1
3RL7,G2838I,13,1
3RL7,G2838I,22,2
3RL7,G2838I,621,1
3RL7,G2838C,3,48
3RL7,G2838C,4,17
3RL7,G2838C,5,191
3RL7,G2838C,6,40
3RL7,G2838C,7,1
3RL7,G2838C,11,6
3RL7,G2838C,12,1
3RL7,G2838C,13,1
3RL7,G2838C,19,1
3RL7,G2838C,22,2
3RL7,G2838C,552,1
3RL7,G2840H,3,20
3RL7,G2840H,4,15
3RL7,G2840H,5,129
3RL7,G2840H,6,15
3RL7,G2840H,11,2
3RL7,G2840H,12,1
3RL7,G2840H,18,1
3RL7,G2840H,22,1
3RL7,G2840H,919,1
3RL7,G2837P,3,46
3RL7,G2837P,4,16
3RL7,G2837P,5,188
3RL7,G2837P,6,42
3RL7,G2837P,7,1
3RL7,G2837P,11,5
3RL7,G2837P,12,1
3RL7,G2837P,13,1
3RL7,G2837P,22,2
3RL7,G2837P,597,1
3RL7,G2839T,3,66
3RL7,G2839T,4,18
3RL7,G2839T,5,206
3RL7,G2839T,6,49
3RL7,G2839T,7,1
3RL7,G2839T,11,5
3RL7,G2839T,12,4
3RL7,G2839T,13,1
3RL7,G2839T,19,1
3RL7,G2839T,22,1
3RL7,G2839T,69,1
3RL7,G2839T,405,1
3RL7,G2837N,3,45
3RL7,G2837N,4,16
3RL7,G2837N,5,189
3RL7,G2837N,6,41
3RL7,G2837N,7,1
3RL7,G2837N,11,5
3RL7,G2837N,12,1
3RL7,G2837N,13,1
3RL7,G2837N,22,2
3RL7,G2837N,596,1
3RL7,G2837D,3,60
3RL7,G2837D,4,18
3RL7,G2837D,5,213
3RL7,G2837D,6,53
3RL7,G2837D,7,1
3RL7,G2837D,11,5
3RL7,G2837D,12,3
3RL7,G2837D,13,1
3RL7,G2837D,19,1
3RL7,G2837D,22,1
3RL7,G2837D,69,1
3RL7,G2837D,71,1
3RL7,G2837D,320,1
3RL7,G2843T,3,64
3RL7,G2843T,4,18
3RL7,G2843T,5,217
3RL7,G2843T,6,53
3RL7,G2843T,7,1
3RL7,G2843T,11,5
3RL7,G2843T,12,3
3RL7,G2843T,13,1
3RL7,G2843T,19,1
3RL7,G2843T,22,1
3RL7,G2843T,69,1
3RL7,G2843T,71,1
3RL7,G2843T,303,1
3RL7,G2843Y,3,48
3RL7,G2843Y,4,16
3RL7,G2843Y,5,179
3RL7,G2843Y,6,38
3RL7,G2843Y,7,1
3RL7,G2843Y,11,5
3RL7,G2843Y,12,1
3RL7,G2843Y,13,1
3RL7,G2843Y,18,1
3RL7,G2843Y,22,2
3RL7,G2843Y,623,1
3RL7,G2837I,3,19
3RL7,G2837I,4,14
3RL7,G2837I,5,144
3RL7,G2837I,6,17
3RL7,G2837I,11,3
3RL7,G2837I,12,1
3RL7,G2837I,22,1
3RL7,G2837I,884,1
3RL7,G2839G,3,49
3RL7,G2839G,4,16
3RL7,G2839G,5,185
3RL7,G2839G,6,39
3RL7,G2839G,7,1
3RL7,G2839G,11,4
3RL7,G2839G,12,1
3RL7,G2839G,13,1
3RL7,G2839G,22,2
3RL7,G2839G,610,1
3RL7,G2837C,3,49
3RL7,G2837C,4,15
3RL7,G2837C,5,196
3RL7,G2837C,6,43
3RL7,G2837C,7,1
3RL7,G2837C,11,3
3RL7,G2837C,12,2
3RL7,G2837C,13,2
3RL7,G2837C,15,1
3RL7,G2837C,18,1
3RL7,G2837C,19,1
3RL7,G2837C,22,2
3RL7,G2837C,71,1
3RL7,G2837C,452,1
3RL7,G2839M,3,50
3RL7,G2839M,4,16
3RL7,G2839M,5,188
3RL7,G2839M,6,40
3RL7,G2839M,7,1
3RL7,G2839M,11,5
3RL7,G2839M,12,1
3RL7,G2839M,13,1
3RL7,G2839M,22,2
3RL7,G2839M,597,1
3RL7,G2843S,3,23
3RL7,G2843S,4,16
3RL7,G2843S,5,147
3RL7,G2843S,6,15
3RL7,G2843S,11,4
3RL7,G2843S,12,2
3RL7,G2843S,13,1
3RL7,G2843S,18,1
3RL7,G2843S,19,1
3RL7,G2843S,22,1
3RL7,G2843S,801,1
3RL7,G2839Y,3,56
3RL7,G2839Y,4,18
3RL7,G2839Y,5,193
3RL7,G2839Y,6,47
3RL7,G2839Y,7,1
3RL7,G2839Y,11,5
3RL7,G2839Y,12,2
3RL7,G2839Y,13,1
3RL7,G2839Y,19,1
3RL7,G2839Y,22,1
3RL7,G2839Y,71,1
3RL7,G2839Y,481,1
3RL7,G2837W,3,21
3RL7,G2837W,4,11
3RL7,G2837W,5,130
3RL7,G2837W,6,18
3RL7,G2837W,11,1
3RL7,G2837W,12,1
3RL7,G2837W,18,1
3RL7,G2837W,22,1
3RL7,G2837W,935,1
3RL7,G2843G,3,47
3RL7,G2843G,4,16
3RL7,G2843G,5,190
3RL7,G2843G,6,39
3RL7,G2843G,7,1
3RL7,G2843G,11,3
3RL7,G2843G,12,1
3RL7,G2843G,13,1
3RL7,G2843G,15,1
3RL7,G2843G,18,1
3RL7,G2843G,22,2
3RL7,G2843G,578,1
3RL7,G2843M,3,73
3RL7,G2843M,4,13
3RL7,G2843M,5,243
3RL7,G2843M,6,64
3RL7,G2843M,7,1
3RL7,G2843M,11,4
3RL7,G2843M,12,4
3RL7,G2843M,13,2
3RL7,G2843M,15,1
3RL7,G2843M,19,1
3RL7,G2843M,22,2
3RL7,G2843M,71,1
3RL7,G2843M,76,1
3RL7,G2843M,143,1
3RL7,G2839S,3,57
3RL7,G2839S,4,18
3RL7,G2839S,5,197
3RL7,G2839S,6,49
3RL7,G2839S,7,1
3RL7,G2839S,11,5
3RL7,G2839S,12,2
3RL7,G2839S,13,1
3RL7,G2839S,22,1
3RL7,G2839S,71,1
3RL7,G2839S,468,1
3RL7,G2840Q,3,45
3RL7,G2840Q,4,14
3RL7,G2840Q,5,182
3RL7,G2840Q,6,37
3RL7,G2840Q,7,1
3RL7,G2840Q,11,3
3RL7,G2840Q,12,2
3RL7,G2840Q,13,2
3RL7,G2840Q,15,1
3RL7,G2840Q,18,1
3RL7,G2840Q,19,1
3RL7,G2840Q,22,2
3RL7,G2840Q,590,1
3RL7,G2840E,3,47
3RL7,G2840E,4,17
3RL7,G2840E,5,186
3RL7,G2840E,6,42
3RL7,G2840E,7,1
3RL7,G2840E,11,6
3RL7,G2840E,12,1
3RL7,G2840E,13,1
3RL7,G2840E,22,2
3RL7,G2840E,586,1
3RL7,G2842P,3,46
3RL7,G2842P,4,15
3RL7,G2842P,5,181
3RL7,G2842P,6,38
3RL7,G2842P,7,1
3RL7,G2842P,11,4
3RL7,G2842P,12,1
3RL7,G2842P,13,1
3RL7,G2842P,15,1
3RL7,G2842P,18,1
3RL7,G2842P,22,2
3RL7,G2842P,617,1
3RL7,G2838N,3,47
3RL7,G2838N,4,17
3RL7,G2838N,5,190
3RL7,G2838N,6,40
3RL7,G2838N,7,1
3RL7,G2838N,11,4
3RL7,G2838N,12,1
3RL7,G2838N,13,1
3RL7,G2838N,18,1
3RL7,G2838N,19,1
3RL7,G2838N,22,2
3RL7,G2838N,561,1
3RL7,G2838D,3,19
3RL7,G2838D,4,16
3RL7,G2838D,5,147
3RL7,G2838D,6,16
3RL7,G2838D,11,3
3RL7,G2838D,12,1
3RL7,G2838D,18,1
3RL7,G2838D,19,1
3RL7,G2838D,22,1
3RL7,G2838D,825,1
3RL7,G2838P,3,44
3RL7,G2838P,4,15
3RL7,G2838P,5,190
3RL7,G2838P,6,39
3RL7,G2838P,7,1
3RL7,G2838P,11,3
3RL7,G2838P,12,1
3RL7,G2838P,13,1
3RL7,G2838P,15,1
3RL7,G2838P,18,1
3RL7,G2838P,19,1
3RL7,G2838P,22,2
3RL7,G2838P,568,1
3RL7,G2842N,3,20
3RL7,G2842N,4,12
3RL7,G2842N,5,131
3RL7,G2842N,6,16
3RL7,G2842N,11,3
3RL7,G2842N,12,2
3RL7,G2842N,18,1
3RL7,G2842N,19,1
3RL7,G2842N,22,1
3RL7,G2842N,886,1
3RL7,G2842D,3,44
3RL7,G2842D,4,16
3RL7,G2842D,5,184
3RL7,G2842D,6,39
3RL7,G2842D,7,1
3RL7,G2842D,11,4
3RL7,G2842D,12,1
3RL7,G2842D,13,1
3RL7,G2842D,15,1
3RL7,G2842D,22,2
3RL7,G2842D,616,1
3RL7,G2841R,3,26
3RL7,G2841R,4,15
3RL7,G2841R,5,142
3RL7,G2841R,6,21
3RL7,G2841R,11,2
3RL7,G2841R,12,2
3RL7,G2841R,13,1
3RL7,G2841R,18,1
3RL7,G2841R,19,1
3RL7,G2841R,22,1
3RL7,G2841R,71,1
3RL7,G2841R,761,1
3RL7,G2841L,3,44
3RL7,G2841L,4,15
3RL7,G2841L,5,184
3RL7,G2841L,6,38
3RL7,G2841L,7,1
3RL7,G2841L,11,3
3RL7,G2841L,12,2
3RL7,G2841L,13,2
3RL7,G2841L,15,1
3RL7,G2841L,18,1
3RL7,G2841L,19,1
3RL7,G2841L,22,2
3RL7,G2841L,581,1
3RL7,G2841F,3,44
3RL7,G2841F,4,15
3RL7,G2841F,5,190
3RL7,G2841F,6,39
3RL7,G2841F,7,1
3RL7,G2841F,11,3
3RL7,G2841F,12,3
3RL7,G2841F,13,1
3RL7,G2841F,15,1
3RL7,G2841F,18,1
3RL7,G2841F,19,1
3RL7,G2841F,22,2
3RL7,G2841F,561,1
3RL7,G2841V,3,44
3RL7,G2841V,4,15
3RL7,G2841V,5,188
3RL7,G2841V,6,41
3RL7,G2841V,7,1
3RL7,G2841V,11,4
3RL7,G2841V,12,1
3RL7,G2841V,13,1
3RL7,G2841V,15,1
3RL7,G2841V,22,2
3RL7,G2841V,599,1
3RL7,G2841H,3,18
3RL7,G2841H,4,15
3RL7,G2841H,5,124
3RL7,G2841H,6,11
3RL7,G2841H,11,3
3RL7,G2841H,12,1
3RL7,G2841H,22,1
3RL7,G2841H,957,1
3RL7,G2842T,3,46
3RL7,G2842T,4,17
3RL7,G2842T,5,185
3RL7,G2842T,6,41
3RL7,G2842T,7,1
3RL7,G2842T,11,6
3RL7,G2842T,12,1
3RL7,G2842T,13,1
3RL7,G2842T,22,2
3RL7,G2842T,598,1
3RL7,G2838T,3,47
3RL7,G2838T,4,16
3RL7,G2838T,5,193
3RL7,G2838T,6,41
3RL7,G2838T,7,1
3RL7,G2838T,11,4
3RL7,G2838T,12,1
3RL7,G2838T,13,1
3RL7,G2838T,18,1
3RL7,G2838T,19,1
3RL7,G2838T,22,2
3RL7,G2838T,550,1
3RL7,G2840K,3,56
3RL7,G2840K,4,18
3RL7,G2840K,5,201
3RL7,G2840K,6,49
3RL7,G2840K,7,1
3RL7,G2840K,11,5
3RL7,G2840K,12,2
3RL7,G2840K,13,1
3RL7,G2840K,22,1
3RL7,G2840K,71,1
3RL7,G2840K,471,1
3RL7,G2840A,3,46
3RL7,G2840A,4,14
3RL7,G2840A,5,190
3RL7,G2840A,6,37
3RL7,G2840A,7,1
3RL7,G2840A,11,3
3RL7,G2840A,12,2
3RL7,G2840A,13,2
3RL7,G2840A,15,1
3RL7,G2840A,18,1
3RL7,G2840A,19,1
3RL7,G2840A,22,2
3RL7,G2840A,558,1
3RL7,G2843W,3,20
3RL7,G2843W,4,14
3RL7,G2843W,5,131
3RL7,G2843W,6,17
3RL7,G2843W,11,2
3RL7,G2843W,12,2
3RL7,G2843W,18,1
3RL7,G2843W,19,1
3RL7,G2843W,22,1
3RL7,G2843W,888,1
3RL7,G2839I,3,48
3RL7,G2839I,4,17
3RL7,G2839I,5,189
3RL7,G2839I,6,41
3RL7,G2839I,7,1
3RL7,G2839I,11,5
3RL7,G2839I,12,1
3RL7,G2839I,13,1
3RL7,G2839I,22,2
3RL7,G2839I,590,1
3RL7,G2837G,3,55
3RL7,G2837G,4,16
3RL7,G2837G,5,201
3RL7,G2837G,6,45
3RL7,G2837G,7,1
3RL7,G2837G,11,5
3RL7,G2837G,12,3
3RL7,G2837G,13,2
3RL7,G2837G,19,1
3RL7,G2837G,22,2
3RL7,G2837G,76,1
3RL7,G2837G,415,1
3RL7,G2839C,3,47
3RL7,G2839C,4,16
3RL7,G2839C,5,185
3RL7,G2839C,6,40
3RL7,G2839C,7,1
3RL7,G2839C,11,3
3RL7,G2839C,12,1
3RL7,G2839C,13,1
3RL7,G2839C,15,1
3RL7,G2839C,18,1
3RL7,G2839C,22,2
3RL7,G2839C,590,1
3RL7,G2837M,3,46
3RL7,G2837M,4,16
3RL7,G2837M,5,183
3RL7,G2837M,6,40
3RL7,G2837M,7,1
3RL7,G2837M,11,4
3RL7,G2837M,12,1
3RL7,G2837M,13,1
3RL7,G2837M,22,2
3RL7,G2837M,631,1
3RL7,G2837Y,3,45
3RL7,G2837Y,4,15
3RL7,G2837Y,5,180
3RL7,G2837Y,6,37
3RL7,G2837Y,7,1
3RL7,G2837Y,11,3
3RL7,G2837Y,12,1
3RL7,G2837Y,13,2
3RL7,G2837Y,15,1
3RL7,G2837Y,18,1
3RL7,G2837Y,22,2
3RL7,G2837Y,628,1
3RL7,G2839W,3,21
3RL7,G2839W,4,15
3RL7,G2839W,5,134
3RL7,G2839W,6,15
3RL7,G2839W,11,3
3RL7,G2839W,12,1
3RL7,G2839W,18,1
3RL7,G2839W,22,1
3RL7,G2839W,899,1
3RL7,G2843I,3,21
3RL7,G2843I,4,15
3RL7,G2843I,5,128
3RL7,G2843I,6,15
3RL7,G2843I,11,2
3RL7,G2843I,12,1
3RL7,G2843I,22,1
3RL7,G2843I,940,1
3RL7,G2843C,3,48
3RL7,G2843C,4,16
3RL7,G2843C,5,189
3RL7,G2843C,6,41
3RL7,G2843C,7,1
3RL7,G2843C,11,4
3RL7,G2843C,12,1
3RL7,G2843C,13,1
3RL7,G2843C,18,1
3RL7,G2843C,22,2
3RL7,G2843C,580,1
3RL7,G2839P,3,20
3RL7,G2839P,4,14
3RL7,G2839P,5,128
3RL7,G2839P,6,13
3RL7,G2839P,11,3
3RL7,G2839P,12,1
3RL7,G2839P,13,1
3RL7,G2839P,22,1
3RL7,G2839P,923,1
3RL7,G2843N,3,21
3RL7,G2843N,4,15
3RL7,G2843N,5,140
3RL7,G2843N,6,17
3RL7,G2843N,11,3
3RL7,G2843N,12,2
3RL7,G2843N,18,1
3RL7,G2843N,19,1
3RL7,G2843N,22,1
3RL7,G2843N,839,1
3RL7,G2843D,3,54
3RL7,G2843D,4,17
3RL7,G2843D,5,200
3RL7,G2843D,6,45
3RL7,G2843D,7,1
3RL7,G2843D,11,3
3RL7,G2843D,12,2
3RL7,G2843D,13,1
3RL7,G2843D,15,1
3RL7,G2843D,18,1
3RL7,G2843D,19,1
3RL7,G2843D,22,2
3RL7,G2843D,71,1
3RL7,G2843D,434,1
3RL7,G2837T,3,45
3RL7,G2837T,4,15
3RL7,G2837T,5,184
3RL7,G2837T,6,40
3RL7,G2837T,7,1
3RL7,G2837T,11,4
3RL7,G2837T,12,2
3RL7,G2837T,13,1
3RL7,G2837T,15,1
3RL7,G2837T,19,1
3RL7,G2837T,22,2
3RL7,G2837T,588,1
3RL7,G2843P,3,24
3RL7,G2843P,4,15
3RL7,G2843P,5,143
3RL7,G2843P,6,20
3RL7,G2843P,11,3
3RL7,G2843P,12,1
3RL7,G2843P,18,1
3RL7,G2843P,22,1
3RL7,G2843P,71,1
3RL7,G2843P,779,1
3RL7,G2839N,3,45
3RL7,G2839N,4,16
3RL7,G2839N,5,185
3RL7,G2839N,6,42
3RL7,G2839N,7,1
3RL7,G2839N,11,4
3RL7,G2839N,12,1
3RL7,G2839N,13,1
3RL7,G2839N,18,1
3RL7,G2839N,22,2
3RL7,G2839N,589,1
3RL7,G2839D,3,47
3RL7,G2839D,4,16
3RL7,G2839D,5,180
3RL7,G2839D,6,37
3RL7,G2839D,7,1
3RL7,G2839D,11,3
3RL7,G2839D,12,2
3RL7,G2839D,13,2
3RL7,G2839D,15,1
3RL7,G2839D,18,1
3RL7,G2839D,19,1
3RL7,G2839D,22,2
3RL7,G2839D,582,1
3RL7,G2840L,3,48
3RL7,G2840L,4,17
3RL7,G2840L,5,186
3RL7,G2840L,6,41
3RL7,G2840L,7,1
3RL7,G2840L,11,5
3RL7,G2840L,12,1
3RL7,G2840L,13,1
3RL7,G2840L,22,2
3RL7,G2840L,602,1
3RL7,G2840F,3,46
3RL7,G2840F,4,16
3RL7,G2840F,5,183
3RL7,G2840F,6,39
3RL7,G2840F,7,1
3RL7,G2840F,11,3
3RL7,G2840F,12,1
3RL7,G2840F,13,1
3RL7,G2840F,15,1
3RL7,G2840F,18,1
3RL7,G2840F,19,1
3RL7,G2840F,22,2
3RL7,G2840F,596,1
3RL7,G2840R,3,71
3RL7,G2840R,4,19
3RL7,G2840R,5,218
3RL7,G2840R,6,54
3RL7,G2840R,7,1
3RL7,G2840R,11,6
3RL7,G2840R,12,4
3RL7,G2840R,13,1
3RL7,G2840R,19,1
3RL7,G2840R,22,1
3RL7,G2840R,69,1
3RL7,G2840R,352,1
3RL7,G2842G,3,46
3RL7,G2842G,4,15
3RL7,G2842G,5,184
3RL7,G2842G,6,39
3RL7,G2842G,7,1
3RL7,G2842G,11,5
3RL7,G2842G,12,1
3RL7,G2842G,13,1
3RL7,G2842G,15,1
3RL7,G2842G,22,2
3RL7,G2842G,604,1
3RL7,G2842M,3,50
3RL7,G2842M,4,18
3RL7,G2842M,5,190
3RL7,G2842M,6,42
3RL7,G2842M,7,1
3RL7,G2842M,11,5
3RL7,G2842M,12,1
3RL7,G2842M,13,1
3RL7,G2842M,22,2
3RL7,G2842M,589,1
3RL7,G2838S,3,19
3RL7,G2838S,4,14
3RL7,G2838S,5,133
3RL7,G2838S,6,11
3RL7,G2838S,11,3
3RL7,G2838S,12,1
3RL7,G2838S,22,1
3RL7,G2838S,921,1
3RL7,G2842Y,3,49
3RL7,G2842Y,4,15
3RL7,G2842Y,5,188
3RL7,G2842Y,6,43
3RL7,G2842Y,7,1
3RL7,G2842Y,11,3
3RL7,G2842Y,12,2
3RL7,G2842Y,13,2
3RL7,G2842Y,15,1
3RL7,G2842Y,18,1
3RL7,G2842Y,19,1
3RL7,G2842Y,22,2
3RL7,G2842Y,71,1
3RL7,G2842Y,486,1
3RL7,G2838G,3,18
3RL7,G2838G,4,15
3RL7,G2838G,5,142
3RL7,G2838G,6,12
3RL7,G2838G,11,4
3RL7,G2838G,12,1
3RL7,G2838G,15,1
3RL7,G2838G,19,1
3RL7,G2838G,22,1
3RL7,G2838G,848,1
3RL7,G2838M,3,48
3RL7,G2838M,4,14
3RL7,G2838M,5,190
3RL7,G2838M,6,38
3RL7,G2838M,7,1
3RL7,G2838M,11,3
3RL7,G2838M,12,1
3RL7,G2838M,13,1
3RL7,G2838M,15,1
3RL7,G2838M,18,1
3RL7,G2838M,22,2
3RL7,G2838M,594,1
3RL7,G2841E,3,18
3RL7,G2841E,4,16
3RL7,G2841E,5,128
3RL7,G2841E,6,11
3RL7,G2841E,11,4
3RL7,G2841E,12,1
3RL7,G2841E,22,1
3RL7,G2841E,933,1
3RL7,G2841Q,3,46
3RL7,G2841Q,4,16
3RL7,G2841Q,5,187
3RL7,G2841Q,6,41
3RL7,G2841Q,7,1
3RL7,G2841Q,11,3
3RL7,G2841Q,12,1
3RL7,G2841Q,13,1
3RL7,G2841Q,15,1
3RL7,G2841Q,18,1
3RL7,G2841Q,22,2
3RL7,G2841Q,592,1
3RL7,G2838E,3,46
3RL7,G2838E,4,16
3RL7,G2838E,5,192
3RL7,G2838E,6,39
3RL7,G2838E,7,1
3RL7,G2838E,11,4
3RL7,G2838E,12,1
3RL7,G2838E,13,1
3RL7,G2838E,15,1
3RL7,G2838E,18,1
3RL7,G2838E,19,1
3RL7,G2838E,22,2
3RL7,G2838E,552,1
3RL7,G2842Q,3,18
3RL7,G2842Q,4,15
3RL7,G2842Q,5,138
3RL7,G2842Q,6,15
3RL7,G2842Q,11,3
3RL7,G2842Q,12,2
3RL7,G2842Q,13,1
3RL7,G2842Q,18,1
3RL7,G2842Q,19,1
3RL7,G2842Q,22,1
3RL7,G2842Q,853,1
3RL7,G2842E,3,62
3RL7,G2842E,4,19
3RL7,G2842E,5,215
3RL7,G2842E,6,53
3RL7,G2842E,7,1
3RL7,G2842E,11,5
3RL7,G2842E,12,3
3RL7,G2842E,13,1
3RL7,G2842E,19,1
3RL7,G2842E,22,1
3RL7,G2842E,69,1
3RL7,G2842E,71,1
3RL7,G2842E,315,1
3RL7,G2838Q,3,46
3RL7,G2838Q,4,16
3RL7,G2838Q,5,193
3RL7,G2838Q,6,42
3RL7,G2838Q,7,1
3RL7,G2838Q,11,4
3RL7,G2838Q,12,1
3RL7,G2838Q,13,1
3RL7,G2838Q,18,1
3RL7,G2838Q,19,1
3RL7,G2838Q,22,2
3RL7,G2838Q,550,1
3RL7,G2841Y,3,47
3RL7,G2841Y,4,16
3RL7,G2841Y,5,183
3RL7,G2841Y,6,41
3RL7,G2841Y,7,1
3RL7,G2841Y,11,7
3RL7,G2841Y,12,1
3RL7,G2841Y,13,1
3RL7,G2841Y,22,2
3RL7,G2841Y,600,1
3RL7,G2841S,3,54
3RL7,G2841S,4,16
3RL7,G2841S,5,194
3RL7,G2841S,6,47
3RL7,G2841S,7,1
3RL7,G2841S,11,5
3RL7,G2841S,12,1
3RL7,G2841S,13,1
3RL7,G2841S,22,2
3RL7,G2841S,71,1
3RL7,G2841S,483,1
3RL7,G2841G,3,46
3RL7,G2841G,4,16
3RL7,G2841G,5,182
3RL7,G2841G,6,40
3RL7,G2841G,7,1
3RL7,G2841G,11,3
3RL7,G2841G,12,2
3RL7,G2841G,13,1
3RL7,G2841G,15,1
3RL7,G2841G,18,1
3RL7,G2841G,19,1
3RL7,G2841G,22,2
3RL7,G2841G,574,1
3RL7,G2841M,3,46
3RL7,G2841M,4,15
3RL7,G2841M,5,192
3RL7,G2841M,6,39
3RL7,G2841M,7,1
3RL7,G2841M,11,3
3RL7,G2841M,12,2
3RL7,G2841M,13,1
3RL7,G2841M,15,1
3RL7,G2841M,18,1
3RL7,G2841M,19,1
3RL7,G2841M,22,2
3RL7,G2841M,560,1
3RL7,G2843R,3,53
3RL7,G2843R,4,19
3RL7,G2843R,5,191
3RL7,G2843R,6,47
3RL7,G2843R,7,1
3RL7,G2843R,11,5
3RL7,G2843R,12,2
3RL7,G2843R,13,1
3RL7,G2843R,19,1
3RL7,G2843R,22,1
3RL7,G2843R,71,1
3RL7,G2843R,492,1
3RL7,G2837H,3,47
3RL7,G2837H,4,16
3RL7,G2837H,5,181
3RL7,G2837H,6,39
3RL7,G2837H,7,1
3RL7,G2837H,11,3
3RL7,G2837H,12,2
3RL7,G2837H,13,1
3RL7,G2837H,15,1
3RL7,G2837H,18,1
3RL7,G2837H,19,1
3RL7,G2837H,22,2
3RL7,G2837H,594,1
3RL7,G2839F,3,45
3RL7,G2839F,4,16
3RL7,G2839F,5,182
3RL7,G2839F,6,40
3RL7,G2839F,7,1
3RL7,G2839F,11,4
3RL7,G2839F,12,1
3RL7,G2839F,13,1
3RL7,G2839F,18,1
3RL7,G2839F,22,2
3RL7,G2839F,612,1
3RL7,G2839R,3,47
3RL7,G2839R,4,17
3RL7,G2839R,5,186
3RL7,G2839R,6,40
3RL7,G2839R,7,1
3RL7,G2839R,11,4
3RL7,G2839R,12,1
3RL7,G2839R,13,1
3RL7,G2839R,18,1
3RL7,G2839R,22,2
3RL7,G2839R,602,1
3RL7,G2843L,3,23
3RL7,G2843L,4,11
3RL7,G2843L,5,139
3RL7,G2843L,6,20
3RL7,G2843L,11,1
3RL7,G2843L,12,2
3RL7,G2843L,13,1
3RL7,G2843L,18,1
3RL7,G2843L,19,1
3RL7,G2843L,22,1
3RL7,G2843L,71,1
3RL7,G2843L,785,1
3RL7,G2843F,3,20
3RL7,G2843F,4,15
3RL7,G2843F,5,133
3RL7,G2843F,6,15
3RL7,G2843F,11,2
3RL7,G2843F,12,1
3RL7,G2843F,18,1
3RL7,G2843F,22,1
3RL7,G2843F,911,1
3RL7,G2837V,3,45
3RL7,G2837V,4,16
3RL7,G2837V,5,190
3RL7,G2837V,6,39
3RL7,G2837V,7,1
3RL7,G2837V,11,3
3RL7,G2837V,12,2
3RL7,G2837V,13,1
3RL7,G2837V,15,1
3RL7,G2837V,18,1
3RL7,G2837V,19,1
3RL7,G2837V,22,2
3RL7,G2837V,567,1
3RL7,G2840P,3,20
3RL7,G2840P,4,15
3RL7,G2840P,5,131
3RL7,G2840P,6,15
3RL7,G2840P,11,2
3RL7,G2840P,12,1
3RL7,G2840P,22,1
3RL7,G2840P,927,1
3RL7,G2840N,3,23
3RL7,G2840N,4,15
3RL7,G2840N,5,139
3RL7,G2840N,6,20
3RL7,G2840N,11,3
3RL7,G2840N,12,1
3RL7,G2840N,18,1
3RL7,G2840N,22,1
3RL7,G2840N,71,1
3RL7,G2840N,792,1
3RL7,G2840D,3,60
3RL7,G2840D,4,19
3RL7,G2840D,5,213
3RL7,G2840D,6,53
3RL7,G2840D,7,1
3RL7,G2840D,11,5
3RL7,G2840D,12,3
3RL7,G2840D,13,1
3RL7,G2840D,19,1
3RL7,G2840D,22,1
3RL7,G2840D,69,1
3RL7,G2840D,71,1
3RL7,G2840D,313,1
3RL7,G2840I,3,48
3RL7,G2840I,4,14
3RL7,G2840I,5,189
3RL7,G2840I,6,38
3RL7,G2840I,7,1
3RL7,G2840I,11,3
3RL7,G2840I,12,1
3RL7,G2840I,13,1
3RL7,G2840I,15,1
3RL7,G2840I,18,1
3RL7,G2840I,22,2
3RL7,G2840I,604,1
3RL7,G2840C,3,61
3RL7,G2840C,4,18
3RL7,G2840C,5,210
3RL7,G2840C,6,53
3RL7,G2840C,7,1
3RL7,G2840C,11,5
3RL7,G2840C,12,3
3RL7,G2840C,13,1
3RL7,G2840C,19,1
3RL7,G2840C,22,1
3RL7,G2840C,69,1
3RL7,G2840C,71,1
3RL7,G2840C,323,1
3RL7,G2840W,3,45
3RL7,G2840W,4,16
3RL7,G2840W,5,184
3RL7,G2840W,6,41
3RL7,G2840W,7,1
3RL7,G2840W,11,4
3RL7,G2840W,12,1
3RL7,G2840W,13,1
3RL7,G2840W,18,1
3RL7,G2840W,22,2
3RL7,G2840W,609,1
3RL7,G2843K,3,18
3RL7,G2843K,4,14
3RL7,G2843K,5,131
3RL7,G2843K,6,9
3RL7,G2843K,11,3
3RL7,G2843K,12,2
3RL7,G2843K,13,1
3RL7,G2843K,18,1
3RL7,G2843K,19,1
3RL7,G2843K,22,1
3RL7,G2843K,896,1
3RL7,G2843A,3,54
3RL7,G2843A,4,18
3RL7,G2843A,5,199
3RL7,G2843A,6,48
3RL7,G2843A,7,1
3RL7,G2843A,11,5
3RL7,G2843A,12,2
3RL7,G2843A,13,1
3RL7,G2843A,22,1
3RL7,G2843A,71,1
3RL7,G2843A,469,1
3RL7,G2837Q,3,47
3RL7,G2837Q,4,18
3RL7,G2837Q,5,185
3RL7,G2837Q,6,41
3RL7,G2837Q,7,1
3RL7,G2837Q,11,5
3RL7,G2837Q,12,1
3RL7,G2837Q,13,1
3RL7,G2837Q,18,1
3RL7,G2837Q,22,2
3RL7,G2837Q,593,1
3RL7,G2839K,3,56
3RL7,G2839K,4,18
3RL7,G2839K,5,196
3RL7,G2839K,6,49
3RL7,G2839K,7,1
3RL7,G2839K,11,5
3RL7,G2839K,12,2
3RL7,G2839K,13,1
3RL7,G2839K,22,1
3RL7,G2839K,71,1
3RL7,G2839K,483,1
3RL7,G2837E,3,21
3RL7,G2837E,4,13
3RL7,G2837E,5,131
3RL7,G2837E,6,16
3RL7,G2837E,11,3
3RL7,G2837E,12,2
3RL7,G2837E,18,1
3RL7,G2837E,19,1
3RL7,G2837E,22,1
3RL7,G2837E,884,1
3RL7,G2839A,3,19
3RL7,G2839A,4,15
3RL7,G2839A,5,139
3RL7,G2839A,6,15
3RL7,G2839A,11,3
3RL7,G2839A,12,1
3RL7,G2839A,18,1
3RL7,G2839A,22,1
3RL7,G2839A,872,1
3RL7,G2842H,3,19
3RL7,G2842H,4,14
3RL7,G2842H,5,142
3RL7,G2842H,6,15
3RL7,G2842H,11,3
3RL7,G2842H,12,2
3RL7,G2842H,13,1
3RL7,G2842H,18,1
3RL7,G2842H,19,1
3RL7,G2842H,22,1
3RL7,G2842H,841,1
3RL7,G2838V,3,47
3RL7,G2838V,4,14
3RL7,G2838V,5,191
3RL7,G2838V,6,38
3RL7,G2838V,7,1
3RL7,G2838V,11,4
3RL7,G2838V,12,1
3RL7,G2838V,13,1
3RL7,G2838V,15,1
3RL7,G2838V,18,1
3RL7,G2838V,22,2
3RL7,G2838V,582,1
3RL7,G2838H,3,48
3RL7,G2838H,4,16
3RL7,G2838H,5,188
3RL7,G2838H,6,41
3RL7,G2838H,7,1
3RL7,G2838H,11,5
3RL7,G2838H,12,1
3RL7,G2838H,13,1
3RL7,G2838H,22,2
3RL7,G2838H,592,1
3RL7,G2842V,3,45
3RL7,G2842V,4,15
3RL7,G2842V,5,183
3RL7,G2842V,6,37
3RL7,G2842V,7,1
3RL7,G2842V,11,3
3RL7,G2842V,12,2
3RL7,G2842V,13,2
3RL7,G2842V,15,1
3RL7,G2842V,18,1
3RL7,G2842V,19,1
3RL7,G2842V,22,2
3RL7,G2842V,587,1
3RL7,G2838R,3,51
3RL7,G2838R,4,18
3RL7,G2838R,5,195
3RL7,G2838R,6,43
3RL7,G2838R,7,1
3RL7,G2838R,11,5
3RL7,G2838R,12,1
3RL7,G2838R,13,1
3RL7,G2838R,18,1
3RL7,G2838R,22,2
3RL7,G2838R,71,1
3RL7,G2838R,483,1
3RL7,G2842L,3,47
3RL7,G2842L,4,17
3RL7,G2842L,5,188
3RL7,G2842L,6,41
3RL7,G2842L,7,1
3RL7,G2842L,11,5
3RL7,G2842L,12,1
3RL7,G2842L,13,1
3RL7,G2842L,22,2
3RL7,G2842L,602,1
3RL7,G2842F,3,17
3RL7,G2842F,4,13
3RL7,G2842F,5,131
3RL7,G2842F,6,15
3RL7,G2842F,11,2
3RL7,G2842F,12,3
3RL7,G2842F,13,1
3RL7,G2842F,18,1
3RL7,G2842F,19,1
3RL7,G2842F,22,1
3RL7,G2842F,881,1
3RL7,G2842R,3,23
3RL7,G2842R,4,15
3RL7,G2842R,5,143
3RL7,G2842R,6,22
3RL7,G2842R,11,4
3RL7,G2842R,12,2
3RL7,G2842R,19,1
3RL7,G2842R,22,1
3RL7,G2842R,71,1
3RL7,G2842R,767,1
3RL7,G2838L,3,48
3RL7,G2838L,4,16
3RL7,G2838L,5,188
3RL7,G2838L,6,37
3RL7,G2838L,7,1
3RL7,G2838L,11,5
3RL7,G2838L,12,1
3RL7,G2838L,13,1
3RL7,G2838L,22,2
3RL7,G2838L,611,1
3RL7,G2838F,3,21
3RL7,G2838F,4,15
3RL7,G2838F,5,133
3RL7,G2838F,6,16
3RL7,G2838F,11,3
3RL7,G2838F,12,1
3RL7,G2838F,18,1
3RL7,G2838F,19,1
3RL7,G2838F,22,1
3RL7,G2838F,877,1
3RL7,G2841N,3,61
3RL7,G2841N,4,18
3RL7,G2841N,5,210
3RL7,G2841N,6,54
3RL7,G2841N,7,1
3RL7,G2841N,11,6
3RL7,G2841N,12,2
3RL7,G2841N,13,1
3RL7,G2841N,19,1
3RL7,G2841N,22,1
3RL7,G2841N,69,1
3RL7,G2841N,71,1
3RL7,G2841N,323,1
3RL7,G2841D,3,22
3RL7,G2841D,4,15
3RL7,G2841D,5,131
3RL7,G2841D,6,16
3RL7,G2841D,11,2
3RL7,G2841D,12,2
3RL7,G2841D,18,1
3RL7,G2841D,19,1
3RL7,G2841D,22,1
3RL7,G2841D,880,1
3RL7,G2841P,3,50
3RL7,G2841P,4,16
3RL7,G2841P,5,197
3RL7,G2841P,6,44
3RL7,G2841P,7,1
3RL7,G2841P,11,4
3RL7,G2841P,12,2
3RL7,G2841P,13,1
3RL7,G2841P,15,1
3RL7,G2841P,18,1
3RL7,G2841P,19,1
3RL7,G2841P,22,2
3RL7,G2841P,69,1
3RL7,G2841P,442,1
3RL7,G2843E,3,52
3RL7,G2843E,4,17
3RL7,G2843E,5,199
3RL7,G2843E,6,47
3RL7,G2843E,7,1
3RL7,G2843E,11,4
3RL7,G2843E,12,1
3RL7,G2843E,13,1
3RL7,G2843E,15,1
3RL7,G2843E,22,2
3RL7,G2843E,71,1
3RL7,G2843E,466,1
3RL7,G2839Q,3,47
3RL7,G2839Q,4,15
3RL7,G2839Q,5,185
3RL7,G2839Q,6,41
3RL7,G2839Q,7,1
3RL7,G2839Q,11,4
3RL7,G2839Q,12,1
3RL7,G2839Q,13,1
3RL7,G2839Q,15,1
3RL7,G2839Q,22,2
3RL7,G2839Q,603,1
3RL7,G2837K,3,48
3RL7,G2837K,4,16
3RL7,G2837K,5,193
3RL7,G2837K,6,45
3RL7,G2837K,7,1
3RL7,G2837K,11,3
3RL7,G2837K,12,1
3RL7,G2837K,13,1
3RL7,G2837K,15,1
3RL7,G2837K,18,1
3RL7,G2837K,22,2
3RL7,G2837K,71,1
3RL7,G2837K,501,1
3RL7,G2839E,3,22
3RL7,G2839E,4,14
3RL7,G2839E,5,125
3RL7,G2839E,6,14
3RL7,G2839E,11,2
3RL7,G2839E,12,2
3RL7,G2839E,18,1
3RL7,G2839E,19,1
3RL7,G2839E,22,1
3RL7,G2839E,906,1
3RL7,G2837A,3,23
3RL7,G2837A,4,15
3RL7,G2837A,5,138
3RL7,G2837A,6,20
3RL7,G2837A,11,2
3RL7,G2837A,12,1
3RL7,G2837A,18,1
3RL7,G2837A,22,1
3RL7,G2837A,71,1
3RL7,G2837A,805,1
3RL7,G2843Q,3,47
3RL7,G2843Q,4,15
3RL7,G2843Q,5,189
3RL7,G2843Q,6,39
3RL7,G2843Q,7,1
3RL7,G2843Q,11,3
3RL7,G2843Q,12,1
3RL7,G2843Q,13,1
3RL7,G2843Q,15,1
3RL7,G2843Q,18,1
3RL7,G2843Q,22,2
3RL7,G2843Q,595,1
3RL7,G2840G,3,46
3RL7,G2840G,4,16
3RL7,G2840G,5,187
3RL7,G2840G,6,39
3RL7,G2840G,7,1
3RL7,G2840G,11,3
3RL7,G2840G,12,2
3RL7,G2840G,13,1
3RL7,G2840G,15,1
3RL7,G2840G,18,1
3RL7,G2840G,19,1
3RL7,G2840G,22,2
3RL7,G2840G,561,1
3RL7,G2840M,3,20
3RL7,G2840M,4,17
3RL7,G2840M,5,138
3RL7,G2840M,6,10
3RL7,G2840M,11,4
3RL7,G2840M,12,1
3RL7,G2840M,18,1
3RL7,G2840M,22,1
3RL7,G2840M,889,1
3RL7,G2840Y,3,18
3RL7,G2840Y,4,15
3RL7,G2840Y,5,129
3RL7,G2840Y,6,11
3RL7,G2840Y,11,4
3RL7,G2840Y,12,1
3RL7,G2840Y,22,1
3RL7,G2840Y,936,1
3RL7,G2840S,3,17
3RL7,G2840S,4,15
3RL7,G2840S,5,121
3RL7,G2840S,6,10
3RL7,G2840S,11,3
3RL7,G2840S,12,1
3RL7,G2840S,18,1
3RL7,G2840S,22,1
3RL7,G2840S,948,1
3RL7,G2840T,3,63
3RL7,G2840T,4,18
3RL7,G2840T,5,214
3RL7,G2840T,6,53
3RL7,G2840T,7,1
3RL7,G2840T,11,5
3RL7,G2840T,12,3
3RL7,G2840T,13,1
3RL7,G2840T,19,1
3RL7,G2840T,22,1
3RL7,G2840T,69,1
3RL7,G2840T,71,1
3RL7,G2840T,313,1
3RL7,G2837L,3,55
3RL7,G2837L,4,18
3RL7,G2837L,5,199
3RL7,G2837L,6,49
3RL7,G2837L,7,1
3RL7,G2837L,11,5
3RL7,G2837L,12,2
3RL7,G2837L,13,1
3RL7,G2837L,22,1
3RL7,G2837L,71,1
3RL7,G2837L,479,1
3RL7,G2839H,3,48
3RL7,G2839H,4,18
3RL7,G2839H,5,184
3RL7,G2839H,6,41
3RL7,G2839H,7,1
3RL7,G2839H,11,5
3RL7,G2839H,12,1
3RL7,G2839H,13,1
3RL7,G2839H,22,2
3RL7,G2839H,602,1
3RL7,G2837F,3,52
3RL7,G2837F,4,16
3RL7,G2837F,5,195
3RL7,G2837F,6,48
3RL7,G2837F,7,1
3RL7,G2837F,11,4
3RL7,G2837F,12,1
3RL7,G2837F,13,1
3RL7,G2837F,16,1
3RL7,G2837F,22,2
3RL7,G2837F,71,1
3RL7,G2837F,487,1
3RL7,G2837R,3,45
3RL7,G2837R,4,17
3RL7,G2837R,5,180
3RL7,G2837R,6,38
3RL7,G2837R,7,1
3RL7,G2837R,11,5
3RL7,G2837R,12,1
3RL7,G2837R,13,1
3RL7,G2837R,18,1
3RL7,G2837R,22,2
3RL7,G2837R,629,1
3RL7,G2843H,3,20
3RL7,G2843H,4,18
3RL7,G2843H,5,143
3RL7,G2843H,6,12
3RL7,G2843H,11,5
3RL7,G2843H,12,3
3RL7,G2843H,19,1
3RL7,G2843H,22,1
3RL7,G2843H,836,1
3RL7,G2839V,3,46
3RL7,G2839V,4,16
3RL7,G2839V,5,183
3RL7,G2839V,6,36
3RL7,G2839V,7,1
3RL7,G2839V,11,3
3RL7,G2839V,12,1
3RL7,G2839V,13,2
3RL7,G2839V,15,1
3RL7,G2839V,22,2
3RL7,G2839V,623,1
3RL7,G2841W,3,47
3RL7,G2841W,4,16
3RL7,G2841W,5,188
3RL7,G2841W,6,42
3RL7,G2841W,7,1
3RL7,G2841W,11,4
3RL7,G2841W,12,1
3RL7,G2841W,13,1
3RL7,G2841W,16,1
3RL7,G2841W,22,2
3RL7,G2841W,599,1
3RL7,G2841I,3,45
3RL7,G2841I,4,15
3RL7,G2841I,5,188
3RL7,G2841I,6,39
3RL7,G2841I,7,1
3RL7,G2841I,11,4
3RL7,G2841I,12,1
3RL7,G2841I,13,1
3RL7,G2841I,15,1
3RL7,G2841I,22,2
3RL7,G2841I,609,1
3RL7,G2841C,3,54
3RL7,G2841C,4,18
3RL7,G2841C,5,202
3RL7,G2841C,6,47
3RL7,G2841C,7,1
3RL7,G2841C,11,6
3RL7,G2841C,12,1
3RL7,G2841C,13,1
3RL7,G2841C,19,1
3RL7,G2841C,22,2
3RL7,G2841C,69,1
3RL7,G2841C,429,1
3RL7,G2838K,3,29
3RL7,G2838K,4,12
3RL7,G2838K,5,153
3RL7,G2838K,6,23
3RL7,G2838K,7,1
3RL7,G2838K,11,4
3RL7,G2838K,12,1
3RL7,G2838K,19,1
3RL7,G2838K,22,1
3RL7,G2838K,71,1
3RL7,G2838K,736,1
3RL7,G2838A,3,46
3RL7,G2838A,4,16
3RL7,G2838A,5,192
3RL7,G2838A,6,40
3RL7,G2838A,7,1
3RL7,G2838A,11,6
3RL7,G2838A,12,1
3RL7,G2838A,13,1
3RL7,G2838A,19,1
3RL7,G2838A,22,2
3RL7,G2838A,552,1
3RL7,G2842K,3,55
3RL7,G2842K,4,18
3RL7,G2842K,5,201
3RL7,G2842K,6,49
3RL7,G2842K,7,1
3RL7,G2842K,11,5
3RL7,G2842K,12,2
3RL7,G2842K,13,1
3RL7,G2842K,22,1
3RL7,G2842K,71,1
3RL7,G2842K,477,1
3RL7,G2842A,3,52
3RL7,G2842A,4,16
3RL7,G2842A,5,195
3RL7,G2842A,6,47
3RL7,G2842A,7,1
3RL7,G2842A,11,4
3RL7,G2842A,12,1
3RL7,G2842A,13,1
3RL7,G2842A,16,1
3RL7,G2842A,22,2
3RL7,G2842A,71,1
3RL7,G2842A,481,1
