PDBID,MUTATION,TS,BOND,ANGLE,DIHED,IMPRP,ELECT,VDW,BOUNDARY,MISC,KINETIC,TOTAL,TEMP,POTENTIAL,TOTAL3,TEMPAVG
3RL7,G2837S,0,108677.4548,501.1990,312.8375,11.7218,-1922.0725,-184.9292,0.0000,0.0000,0.0000,107396.2114,0.0000,107396.2114,107396.2114,0.0000
3RL7,G2837S,1,106161.5993,495.1345,313.2287,11.7107,-1923.0325,-184.8917,0.0000,0.0000,0.0000,104873.7490,0.0000,104873.7490,104873.7490,0.0000
3RL7,G2837S,2,103684.6470,492.5064,313.6482,11.6797,-1924.1051,-184.7971,0.0000,0.0000,0.0000,102393.5792,0.0000,102393.5792,102393.5792,0.0000
3RL7,G2837S,3,101246.8516,493.5643,314.0786,11.6298,-1925.2923,-184.6461,0.0000,0.0000,0.0000,99956.1859,0.0000,99956.1859,99956.1859,0.0000
3RL7,G2837S,4,98848.5025,498.4140,314.4898,11.5623,-1926.5943,-184.4285,0.0000,0.0000,0.0000,97561.9458,0.0000,97561.9458,97561.9458,0.0000
3RL7,G2837S,5,96489.9599,507.0088,314.8558,11.4782,-1928.0082,-184.1179,0.0000,0.0000,0.0000,95211.1767,0.0000,95211.1767,95211.1767,0.0000
3RL7,G2837S,6,94171.6743,519.1548,315.1649,11.3785,-1929.5302,-183.6645,0.0000,0.0000,0.0000,92904.1780,0.0000,92904.1780,92904.1780,0.0000
3RL7,G2837S,7,91894.1907,534.5311,315.4264,11.2643,-1931.1622,-182.9809,0.0000,0.0000,0.0000,90641.2693,0.0000,90641.2693,90641.2693,0.0000
3RL7,G2837S,8,89658.1397,552.7199,315.6701,11.1362,-1932.9026,-181.9203,0.0000,0.0000,0.0000,88422.8430,0.0000,88422.8430,88422.8430,0.0000
3RL7,G2837S,9,87464.2211,573.2430,315.8749,10.9951,-1934.7454,-180.2396,0.0000,0.0000,0.0000,86249.3491,0.0000,86249.3491,86249.3491,0.0000
3RL7,G2837S,10,85313.1812,595.5973,315.9937,10.8417,-1936.6798,-177.5448,0.0000,0.0000,0.0000,84121.3893,0.0000,84121.3893,84121.3893,0.0000
3RL7,G2837S,11,83205.7903,619.2856,315.9797,10.6764,-1938.6935,-173.2078,0.0000,0.0000,0.0000,82039.8307,0.0000,82039.8307,82039.8307,0.0000
3RL7,G2837S,12,81054.8047,630.3659,315.3339,10.2221,-1942.1369,-174.6842,0.0000,0.0000,0.0000,79893.9055,0.0000,79893.9055,79893.9055,0.0000
3RL7,G2837S,13,79106.7207,651.0117,314.9825,10.0079,-1944.4524,-165.7079,0.0000,0.0000,0.0000,77972.5625,0.0000,77972.5625,77972.5625,0.0000
3RL7,G2837S,14,77199.8251,671.6432,314.5678,9.7905,-1946.7941,-151.3221,0.0000,0.0000,0.0000,76097.7105,0.0000,76097.7105,76097.7105,0.0000
3RL7,G2837S,15,75332.3108,691.9615,314.1785,9.5710,-1949.1496,-130.0506,0.0000,0.0000,0.0000,74268.8216,0.0000,74268.8216,74268.8216,0.0000
3RL7,G2837S,16,73502.5204,711.7305,313.8817,9.3511,-1951.4999,-101.6828,0.0000,0.0000,0.0000,72484.3009,0.0000,72484.3009,72484.3009,0.0000
3RL7,G2837S,17,71710.0739,730.7388,313.6147,9.1330,-1953.8244,-69.0975,0.0000,0.0000,0.0000,70740.6385,0.0000,70740.6385,70740.6385,0.0000
3RL7,G2837S,18,69957.1370,749.0107,313.3004,8.9193,-1956.1023,-39.1951,0.0000,0.0000,0.0000,69033.0700,0.0000,69033.0700,69033.0700,0.0000
3RL7,G2837S,19,68248.2817,766.2456,312.9965,8.7124,-1958.3020,-20.0691,0.0000,0.0000,0.0000,67357.8650,0.0000,67357.8650,67357.8650,0.0000
3RL7,G2837S,20,66587.7110,782.4070,312.7507,8.5126,-1960.4023,-15.5029,0.0000,0.0000,0.0000,65715.4762,0.0000,65715.4762,65715.4762,0.0000
3RL7,G2837S,21,64976.5747,797.5493,312.4885,8.3184,-1962.4006,-23.2674,0.0000,0.0000,0.0000,64109.2629,0.0000,64109.2629,64109.2629,0.0000
3RL7,G2837S,22,63413.0767,811.7592,312.2770,8.1272,-1964.2993,-38.7273,0.0000,0.0000,0.0000,62542.2135,0.0000,62542.2135,62542.2135,0.0000
3RL7,G2837S,23,61894.2160,825.1096,312.2299,7.9369,-1966.1038,-58.0138,0.0000,0.0000,0.0000,61015.3748,0.0000,61015.3748,61015.3748,0.0000
3RL7,G2837S,24,60417.0614,837.6610,312.2957,7.7461,-1967.8252,-78.6187,0.0000,0.0000,0.0000,59528.3204,0.0000,59528.3204,59528.3204,0.0000
3RL7,G2837S,25,58979.1306,849.4709,312.3823,7.5538,-1969.4711,-99.0516,0.0000,0.0000,0.0000,58080.0149,0.0000,58080.0149,58080.0149,0.0000
3RL7,G2837S,26,57578.3398,860.5930,312.2771,7.3594,-1971.0474,-118.4586,0.0000,0.0000,0.0000,56669.0631,0.0000,56669.0631,56669.0631,0.0000
3RL7,G2837S,27,56212.9718,871.0825,311.9980,7.1625,-1972.5610,-136.3404,0.0000,0.0000,0.0000,55294.3133,0.0000,55294.3133,55294.3133,0.0000
3RL7,G2837S,28,54881.2570,880.9767,311.9107,6.9637,-1974.0185,-152.4576,0.0000,0.0000,0.0000,53954.6320,0.0000,53954.6320,53954.6320,0.0000
3RL7,G2837S,29,53581.6430,890.3153,311.9396,6.7640,-1975.4238,-166.6751,0.0000,0.0000,0.0000,52648.5630,0.0000,52648.5630,52648.5630,0.0000
3RL7,G2837S,30,52313.0907,899.1573,311.7641,6.5636,-1976.7811,-178.9302,0.0000,0.0000,0.0000,51374.8644,0.0000,51374.8644,51374.8644,0.0000
3RL7,G2837S,31,51074.6191,907.5529,311.3700,6.3630,-1978.0951,-189.2653,0.0000,0.0000,0.0000,50132.5446,0.0000,50132.5446,50132.5446,0.0000
3RL7,G2837S,32,49865.1334,915.5352,310.9349,6.1634,-1979.3674,-197.7940,0.0000,0.0000,0.0000,48920.6055,0.0000,48920.6055,48920.6055,0.0000
3RL7,G2837S,33,48683.6060,923.1338,310.5413,5.9660,-1980.6044,-204.6630,0.0000,0.0000,0.0000,47737.9798,0.0000,47737.9798,47737.9798,0.0000
3RL7,G2837S,34,47529.1490,930.3805,310.1848,5.7717,-1981.8112,-210.0306,0.0000,0.0000,0.0000,46583.6442,0.0000,46583.6442,46583.6442,0.0000
3RL7,G2837S,35,46400.9235,937.3061,309.8584,5.5815,-1982.9907,-214.0467,0.0000,0.0000,0.0000,45456.6320,0.0000,45456.6320,45456.6320,0.0000
3RL7,G2837S,36,45298.0888,943.9383,309.5641,5.3960,-1984.1489,-216.8281,0.0000,0.0000,0.0000,44356.0102,0.0000,44356.0102,44356.0102,0.0000
3RL7,G2837S,37,44219.7887,950.3037,309.3013,5.2160,-1985.2878,-218.4356,0.0000,0.0000,0.0000,43280.8862,0.0000,43280.8862,43280.8862,0.0000
3RL7,G2837S,38,43165.1367,956.4281,309.0638,5.0419,-1986.4060,-218.8538,0.0000,0.0000,0.0000,42230.4106,0.0000,42230.4106,42230.4106,0.0000
3RL7,G2837S,39,42133.1997,962.3372,308.8430,4.8744,-1987.5065,-217.9730,0.0000,0.0000,0.0000,41203.7747,0.0000,41203.7747,41203.7747,0.0000
3RL7,G2837S,40,41122.9851,968.0565,308.6309,4.7136,-1988.5918,-215.5737,0.0000,0.0000,0.0000,40200.2207,0.0000,40200.2207,40200.2207,0.0000
3RL7,G2837S,41,40133.4184,973.6115,308.4206,4.5600,-1989.6614,-211.3152,0.0000,0.0000,0.0000,39219.0337,0.0000,39219.0337,39219.0337,0.0000
3RL7,G2837S,42,39163.3303,979.0273,308.2074,4.4137,-1990.7169,-204.7318,0.0000,0.0000,0.0000,38259.5299,0.0000,38259.5299,38259.5299,0.0000
3RL7,G2837S,43,38211.4381,984.3289,307.9888,4.2750,-1991.7586,-195.2455,0.0000,0.0000,0.0000,37321.0266,0.0000,37321.0266,37321.0266,0.0000
3RL7,G2837S,44,37276.3411,989.5408,307.7634,4.1440,-1992.7849,-182.2124,0.0000,0.0000,0.0000,36402.7920,0.0000,36402.7920,36402.7920,0.0000
3RL7,G2837S,45,36356.5435,994.6875,307.5295,4.0210,-1993.7969,-165.0251,0.0000,0.0000,0.0000,35503.9594,0.0000,35503.9594,35503.9594,0.0000
3RL7,G2837S,46,35450.5248,999.7935,307.2854,3.9062,-1994.7947,-143.3035,0.0000,0.0000,0.0000,34623.4116,0.0000,34623.4116,34623.4116,0.0000
3RL7,G2837S,47,34556.8923,1004.8842,307.0290,3.8001,-1995.7805,-117.1968,0.0000,0.0000,0.0000,33759.6283,0.0000,33759.6283,33759.6283,0.0000
3RL7,G2837S,48,33674.6597,1009.9878,306.7591,3.7034,-1996.7591,-87.7814,0.0000,0.0000,0.0000,32910.5695,0.0000,32910.5695,32910.5695,0.0000
3RL7,G2837S,49,32803.6208,1015.1398,306.4768,3.6173,-1997.7374,-57.6629,0.0000,0.0000,0.0000,32073.4545,0.0000,32073.4545,32073.4545,0.0000
3RL7,G2837S,50,31944.6397,1020.3885,306.1864,3.5433,-1998.7181,-30.8601,0.0000,0.0000,0.0000,31245.1796,0.0000,31245.1796,31245.1796,0.0000
3RL7,G2837S,51,31099.5147,1025.8015,305.8998,3.4824,-1999.7122,-10.8651,0.0000,0.0000,0.0000,30424.1211,0.0000,30424.1211,30424.1211,0.0000
3RL7,G2837S,52,30270.1882,1031.4641,305.6333,3.4354,-2000.7251,0.0409,0.0000,0.0000,0.0000,29610.0368,0.0000,29610.0368,29610.0368,0.0000
3RL7,G2837S,53,29457.8505,1037.4711,305.4041,3.4021,-2001.7609,1.9213,0.0000,0.0000,0.0000,28804.2882,0.0000,28804.2882,28804.2882,0.0000
3RL7,G2837S,54,28662.6129,1043.9125,305.2258,3.3817,-2002.8208,-3.3659,0.0000,0.0000,0.0000,28008.9463,0.0000,28008.9463,28008.9463,0.0000
3RL7,G2837S,55,27883.8480,1050.8636,305.1061,3.3730,-2003.9079,-13.4267,0.0000,0.0000,0.0000,27225.8561,0.0000,27225.8561,27225.8561,0.0000
3RL7,G2837S,56,27120.6713,1058.3829,305.0473,3.3746,-2005.0239,-26.2097,0.0000,0.0000,0.0000,26456.2425,0.0000,26456.2425,26456.2425,0.0000
3RL7,G2837S,57,26372.2209,1066.5156,305.0467,3.3856,-2006.1700,-40.2682,0.0000,0.0000,0.0000,25700.7305,0.0000,25700.7305,25700.7305,0.0000
3RL7,G2837S,58,25637.7395,1075.2987,305.0990,3.4053,-2007.3485,-54.6705,0.0000,0.0000,0.0000,24959.5234,0.0000,24959.5234,24959.5234,0.0000
3RL7,G2837S,59,24916.5679,1084.7633,305.1967,3.4332,-2008.5587,-68.8335,0.0000,0.0000,0.0000,24232.5689,0.0000,24232.5689,24232.5689,0.0000
3RL7,G2837S,60,24208.1196,1094.9367,305.3307,3.4689,-2009.8055,-82.3864,0.0000,0.0000,0.0000,23519.6640,0.0000,23519.6640,23519.6640,0.0000
3RL7,G2837S,61,23511.8651,1105.8415,305.4912,3.5125,-2011.0937,-95.0803,0.0000,0.0000,0.0000,22820.5362,0.0000,22820.5362,22820.5362,0.0000
3RL7,G2837S,62,22827.3138,1117.4947,305.6679,3.5640,-2012.4327,-106.7399,0.0000,0.0000,0.0000,22134.8679,0.0000,22134.8679,22134.8679,0.0000
3RL7,G2837S,63,22154.0052,1129.9056,305.8506,3.6236,-2013.8361,-117.2431,0.0000,0.0000,0.0000,21462.3058,0.0000,21462.3058,21462.3058,0.0000
3RL7,G2837S,64,21491.4853,1143.0747,306.0295,3.6916,-2015.3109,-126.5201,0.0000,0.0000,0.0000,20802.4500,0.0000,20802.4500,20802.4500,0.0000
3RL7,G2837S,65,20839.2991,1156.9909,306.1954,3.7683,-2016.8614,-134.5628,0.0000,0.0000,0.0000,20154.8296,0.0000,20154.8296,20154.8296,0.0000
3RL7,G2837S,66,20196.9802,1171.6363,306.3936,3.8542,-2018.5030,-141.4184,0.0000,0.0000,0.0000,19518.9428,0.0000,19518.9428,19518.9428,0.0000
3RL7,G2837S,67,19564.0460,1186.9880,306.6148,3.9498,-2020.2427,-147.2509,0.0000,0.0000,0.0000,18894.1051,0.0000,18894.1051,18894.1051,0.0000
3RL7,G2837S,68,18947.3834,1202.7984,306.8034,4.0544,-2022.0377,-152.2616,0.0000,0.0000,0.0000,18286.7403,0.0000,18286.7403,18286.7403,0.0000
3RL7,G2837S,69,18354.1746,1218.7800,306.9518,4.1664,-2023.8634,-156.6943,0.0000,0.0000,0.0000,17703.5151,0.0000,17703.5151,17703.5151,0.0000
3RL7,G2837S,70,17784.1187,1234.8307,307.0582,4.2853,-2025.7144,-160.8345,0.0000,0.0000,0.0000,17143.7441,0.0000,17143.7441,17143.7441,0.0000
3RL7,G2837S,71,17236.7133,1250.8700,307.1236,4.4106,-2027.5806,-164.8772,0.0000,0.0000,0.0000,16606.6597,0.0000,16606.6597,16606.6597,0.0000
3RL7,G2837S,72,16711.2237,1266.8437,307.1504,4.5416,-2029.4512,-168.9086,0.0000,0.0000,0.0000,16091.3996,0.0000,16091.3996,16091.3996,0.0000
3RL7,G2837S,73,16206.7167,1282.7230,307.1424,4.6778,-2031.3218,-172.9202,0.0000,0.0000,0.0000,15597.0178,0.0000,15597.0178,15597.0178,0.0000
3RL7,G2837S,74,15722.1559,1298.4996,307.1038,4.8186,-2033.1920,-176.8404,0.0000,0.0000,0.0000,15122.5456,0.0000,15122.5456,15122.5456,0.0000
3RL7,G2837S,75,15256.4988,1314.1802,307.0393,4.9635,-2035.0652,-180.5661,0.0000,0.0000,0.0000,14667.0504,0.0000,14667.0504,14667.0504,0.0000
3RL7,G2837S,76,14808.7724,1329.7812,306.9537,5.1120,-2036.9442,-183.9867,0.0000,0.0000,0.0000,14229.6883,0.0000,14229.6883,14229.6883,0.0000
3RL7,G2837S,77,14378.1012,1345.3259,306.8516,5.2637,-2038.8335,-186.9948,0.0000,0.0000,0.0000,13809.7141,0.0000,13809.7141,13809.7141,0.0000
3RL7,G2837S,78,13963.7355,1360.8399,306.7379,5.4179,-2040.7400,-189.4901,0.0000,0.0000,0.0000,13406.5011,0.0000,13406.5011,13406.5011,0.0000
3RL7,G2837S,79,13565.0496,1376.3482,306.6171,5.5740,-2042.6687,-191.3746,0.0000,0.0000,0.0000,13019.5456,0.0000,13019.5456,13019.5456,0.0000
3RL7,G2837S,80,13181.5196,1391.8739,306.4940,5.7314,-2044.6238,-192.5435,0.0000,0.0000,0.0000,12648.4515,0.0000,12648.4515,12648.4515,0.0000
3RL7,G2837S,81,12812.7219,1407.4338,306.3735,5.8891,-2046.6105,-192.8706,0.0000,0.0000,0.0000,12292.9371,0.0000,12292.9371,12292.9371,0.0000
3RL7,G2837S,82,12458.3212,1423.0362,306.2604,6.0462,-2048.6364,-192.1884,0.0000,0.0000,0.0000,11952.8392,0.0000,11952.8392,11952.8392,0.0000
3RL7,G2837S,83,12118.0660,1438.6771,306.1604,6.2019,-2050.7083,-190.2619,0.0000,0.0000,0.0000,11628.1351,0.0000,11628.1351,11628.1351,0.0000
3RL7,G2837S,84,11793.8577,1454.2963,306.0874,6.3679,-2052.7654,-186.7836,0.0000,0.0000,0.0000,11321.0603,0.0000,11321.0603,11321.0603,0.0000
3RL7,G2837S,85,11481.4631,1469.9565,306.0342,6.5151,-2054.9657,-181.2260,0.0000,0.0000,0.0000,11027.7771,0.0000,11027.7771,11027.7771,0.0000
3RL7,G2837S,86,11184.1471,1485.7412,306.0161,6.6740,-2057.1523,-172.7087,0.0000,0.0000,0.0000,10752.7176,0.0000,10752.7176,10752.7176,0.0000
3RL7,G2837S,87,10899.7076,1501.1886,306.0499,6.8065,-2059.5195,-161.6888,0.0000,0.0000,0.0000,10492.5443,0.0000,10492.5443,10492.5443,0.0000
3RL7,G2837S,88,10628.9482,1516.9141,306.1332,6.9540,-2061.8765,-145.8797,0.0000,0.0000,0.0000,10251.1934,0.0000,10251.1934,10251.1934,0.0000
3RL7,G2837S,89,10372.9195,1531.8025,306.3234,7.0746,-2064.4745,-131.9695,0.0000,0.0000,0.0000,10021.6760,0.0000,10021.6760,10021.6760,0.0000
3RL7,G2837S,90,10128.7219,1547.1406,306.5994,7.2210,-2067.0665,-114.4811,0.0000,0.0000,0.0000,9808.1352,0.0000,9808.1352,9808.1352,0.0000
3RL7,G2837S,91,9898.2073,1561.0896,306.9044,7.3911,-2069.9444,-107.9109,0.0000,0.0000,0.0000,9595.7371,0.0000,9595.7371,9595.7371,0.0000
3RL7,G2837S,92,9677.6511,1575.7188,307.2808,7.6076,-2072.8176,-100.3712,0.0000,0.0000,0.0000,9395.0695,0.0000,9395.0695,9395.0695,0.0000
3RL7,G2837S,93,9462.9437,1581.8177,307.4613,7.9049,-2075.7571,-97.4895,0.0000,0.0000,0.0000,9186.8810,0.0000,9186.8810,9186.8810,0.0000
3RL7,G2837S,94,9257.1117,1589.2712,307.7304,8.2872,-2078.6946,-93.9441,0.0000,0.0000,0.0000,8989.7616,0.0000,8989.7616,8989.7616,0.0000
3RL7,G2837S,95,9052.6272,1592.5673,308.3099,8.4182,-2082.1136,-101.8590,0.0000,0.0000,0.0000,8777.9500,0.0000,8777.9500,8777.9500,0.0000
3RL7,G2837S,96,8854.8227,1598.0372,308.9888,8.5657,-2085.5285,-105.5699,0.0000,0.0000,0.0000,8579.3160,0.0000,8579.3160,8579.3160,0.0000
3RL7,G2837S,97,8659.5984,1600.8279,309.2563,8.8583,-2089.1152,-108.8605,0.0000,0.0000,0.0000,8380.5652,0.0000,8380.5652,8380.5652,0.0000
3RL7,G2837S,98,8468.7696,1592.7046,309.9196,8.9634,-2092.4710,-112.7640,0.0000,0.0000,0.0000,8175.1222,0.0000,8175.1222,8175.1222,0.0000
3RL7,G2837S,99,8283.9088,1581.2901,310.5823,9.1020,-2095.9829,-116.7681,0.0000,0.0000,0.0000,7972.1323,0.0000,7972.1323,7972.1323,0.0000
3RL7,G2837S,100,8102.8695,1567.7555,311.3115,9.2064,-2099.6329,-120.9361,0.0000,0.0000,0.0000,7770.5740,0.0000,7770.5740,7770.5740,0.0000
3RL7,G2837S,101,7924.0429,1553.1059,312.0536,9.3127,-2103.4192,-125.3066,0.0000,0.0000,0.0000,7569.7893,0.0000,7569.7893,7569.7893,0.0000
3RL7,G2837S,102,7746.3424,1538.3829,312.8142,9.4160,-2107.3463,-129.9191,0.0000,0.0000,0.0000,7369.6901,0.0000,7369.6901,7369.6901,0.0000
3RL7,G2837S,103,7569.3705,1524.3825,313.5641,9.5409,-2111.4063,-134.7842,0.0000,0.0000,0.0000,7170.6674,0.0000,7170.6674,7170.6674,0.0000
3RL7,G2837S,104,7393.1163,1511.6333,314.3098,9.6854,-2115.5864,-139.8925,0.0000,0.0000,0.0000,6973.2660,0.0000,6973.2660,6973.2660,0.0000
3RL7,G2837S,105,7217.9007,1500.3122,315.0276,9.8670,-2119.8847,-145.1974,0.0000,0.0000,0.0000,6778.0255,0.0000,6778.0255,6778.0255,0.0000
3RL7,G2837S,106,7044.1596,1490.4066,315.7333,10.0696,-2124.3010,-150.6367,0.0000,0.0000,0.0000,6585.4315,0.0000,6585.4315,6585.4315,0.0000
3RL7,G2837S,107,6872.3416,1481.7142,316.3795,10.3197,-2128.8412,-156.1129,0.0000,0.0000,0.0000,6395.8009,0.0000,6395.8009,6395.8009,0.0000
3RL7,G2837S,108,6702.5762,1474.1016,317.0355,10.5619,-2133.5038,-161.5352,0.0000,0.0000,0.0000,6209.2361,0.0000,6209.2361,6209.2361,0.0000
3RL7,G2837S,109,6535.0091,1467.2330,317.5678,10.8914,-2138.2903,-166.7496,0.0000,0.0000,0.0000,6025.6614,0.0000,6025.6614,6025.6614,0.0000
3RL7,G2837S,110,6369.0117,1461.3516,318.3859,11.0349,-2143.2109,-171.6923,0.0000,0.0000,0.0000,5844.8809,0.0000,5844.8809,5844.8809,0.0000
3RL7,G2837S,111,6205.5901,1455.1489,318.4886,11.8793,-2148.2670,-176.0210,0.0000,0.0000,0.0000,5666.8189,0.0000,5666.8189,5666.8189,0.0000
3RL7,G2837S,112,6040.6544,1451.6323,321.8471,13.3037,-2153.4875,-180.3023,0.0000,0.0000,0.0000,5493.6478,0.0000,5493.6478,5493.6478,0.0000
3RL7,G2837S,113,5883.0484,1448.9432,328.4306,24.1846,-2158.7205,-183.6320,0.0000,0.0000,0.0000,5342.2544,0.0000,5342.2544,5342.2544,0.0000
3RL7,G2837S,114,5837.3041,1437.8895,321.5607,24.4828,-2160.3939,-182.6484,0.0000,0.0000,0.0000,5278.1949,0.0000,5278.1949,5278.1949,0.0000
3RL7,G2837S,115,5818.4388,1417.3936,325.4572,71.8958,-2162.0616,-179.9385,0.0000,0.0000,0.0000,5291.1851,0.0000,5291.1851,5291.1851,0.0000
3RL7,G2837S,116,5834.2201,1436.1001,322.1059,28.7961,-2160.5609,-182.4579,0.0000,0.0000,0.0000,5278.2034,0.0000,5278.2034,5278.2034,0.0000
3RL7,G2837S,117,5760.9073,1441.2050,325.7958,18.5779,-2162.6273,-185.3580,0.0000,0.0000,0.0000,5198.5006,0.0000,5198.5006,5198.5006,0.0000
3RL7,G2837S,118,5713.3201,1434.0258,333.7652,77.9318,-2164.6707,-187.0492,0.0000,0.0000,0.0000,5207.3230,0.0000,5207.3230,5207.3230,0.0000
3RL7,G2837S,119,5746.3531,1440.3635,331.1063,29.8835,-2163.1498,-185.8922,0.0000,0.0000,0.0000,5198.6644,0.0000,5198.6644,5198.6644,0.0000
3RL7,G2837S,120,5760.9073,1441.2050,325.7958,18.5779,-2162.6273,-185.3580,0.0000,0.0000,0.0000,5198.5006,0.0000,5198.5006,5198.5006,0.0000
3RL7,G2837S,121,5705.9097,1428.6419,323.4412,30.6125,-2164.9914,-184.8429,0.0000,0.0000,0.0000,5138.7710,0.0000,5138.7710,5138.7710,0.0000
3RL7,G2837S,122,5681.0852,1406.6585,326.4290,86.6891,-2167.3424,-182.4905,0.0000,0.0000,0.0000,5151.0290,0.0000,5151.0290,5151.0290,0.0000
3RL7,G2837S,123,5701.4082,1426.3448,324.2458,36.6371,-2165.2693,-184.6654,0.0000,0.0000,0.0000,5138.7012,0.0000,5138.7012,5138.7012,0.0000
3RL7,G2837S,124,5703.1452,1427.2711,323.9385,34.1874,-2165.1590,-184.7389,0.0000,0.0000,0.0000,5138.6443,0.0000,5138.6443,5138.6443,0.0000
3RL7,G2837S,125,5567.1490,1420.5526,325.5506,30.8028,-2169.8209,-186.6183,0.0000,0.0000,0.0000,4987.6159,0.0000,4987.6159,4987.6159,0.0000
3RL7,G2837S,126,5496.1430,1428.7869,325.1308,18.5953,-2171.7579,-189.6965,0.0000,0.0000,0.0000,4907.2016,0.0000,4907.2016,4907.2016,0.0000
3RL7,G2837S,127,5454.3001,1423.0133,335.0630,82.9036,-2173.6764,-191.2412,0.0000,0.0000,0.0000,4930.3625,0.0000,4930.3625,4930.3625,0.0000
3RL7,G2837S,128,5486.6745,1428.7204,328.4213,25.9742,-2172.0967,-190.0714,0.0000,0.0000,0.0000,4907.6223,0.0000,4907.6223,4907.6223,0.0000
3RL7,G2837S,129,5492.0560,1428.8185,326.2336,21.3498,-2171.9003,-189.8596,0.0000,0.0000,0.0000,4906.6980,0.0000,4906.6980,4906.6980,0.0000
3RL7,G2837S,130,5491.5042,1428.8161,326.4114,21.7705,-2171.9200,-189.8815,0.0000,0.0000,0.0000,4906.7007,0.0000,4906.7007,4906.7007,0.0000
3RL7,G2837S,131,5491.8596,1428.8179,326.2959,21.4982,-2171.9073,-189.8674,0.0000,0.0000,0.0000,4906.6968,0.0000,4906.6968,4906.6968,0.0000
3RL7,G2837S,132,5354.1524,1421.4785,326.7828,19.8206,-2177.0701,-191.3808,0.0000,0.0000,0.0000,4753.7834,0.0000,4753.7834,4753.7834,0.0000
3RL7,G2837S,133,5306.9056,1409.4059,325.4094,30.4289,-2179.2862,-190.6556,0.0000,0.0000,0.0000,4702.2079,0.0000,4702.2079,4702.2079,0.0000
3RL7,G2837S,134,5285.4011,1389.4617,328.1484,85.3721,-2181.4876,-188.4378,0.0000,0.0000,0.0000,4718.4579,0.0000,4718.4579,4718.4579,0.0000
3RL7,G2837S,135,5303.5919,1407.6254,326.0243,35.2269,-2179.5069,-190.5038,0.0000,0.0000,0.0000,4702.4577,0.0000,4702.4577,4702.4577,0.0000
3RL7,G2837S,136,5306.5626,1409.2312,325.4732,30.8910,-2179.3082,-190.6411,0.0000,0.0000,0.0000,4702.2086,0.0000,4702.2086,4702.2086,0.0000
3RL7,G2837S,137,5162.0391,1403.8841,325.6080,32.6194,-2184.7420,-193.7277,0.0000,0.0000,0.0000,4545.6809,0.0000,4545.6809,4545.6809,0.0000
3RL7,G2837S,138,5112.8167,1406.8186,327.9428,20.7274,-2186.1835,-194.7711,0.0000,0.0000,0.0000,4487.3508,0.0000,4487.3508,4487.3508,0.0000
3RL7,G2837S,139,5089.2285,1397.2240,337.1126,77.1198,-2187.6077,-194.9807,0.0000,0.0000,0.0000,4518.0966,0.0000,4518.0966,4518.0966,0.0000
3RL7,G2837S,140,5116.5711,1407.1280,326.4729,17.7547,-2186.0402,-194.7069,0.0000,0.0000,0.0000,4487.1796,0.0000,4487.1796,4487.1796,0.0000
3RL7,G2837S,141,5115.1236,1407.0279,326.9736,18.7757,-2186.0943,-194.7321,0.0000,0.0000,0.0000,4487.0744,0.0000,4487.0744,4487.0744,0.0000
3RL7,G2837S,142,5114.8884,1407.0095,327.0613,18.9561,-2186.1032,-194.7362,0.0000,0.0000,0.0000,4487.0758,0.0000,4487.0758,4487.0758,0.0000
3RL7,G2837S,143,5115.0676,1407.0236,326.9943,18.8183,-2186.0964,-194.7331,0.0000,0.0000,0.0000,4487.0742,0.0000,4487.0742,4487.0742,0.0000
3RL7,G2837S,144,4982.7557,1395.9486,327.8537,17.3440,-2191.2241,-194.3543,0.0000,0.0000,0.0000,4338.3236,0.0000,4338.3236,4338.3236,0.0000
3RL7,G2837S,145,4924.8494,1390.1854,326.4761,35.4822,-2193.8467,-196.2636,0.0000,0.0000,0.0000,4286.8828,0.0000,4286.8828,4286.8828,0.0000
3RL7,G2837S,146,4891.6057,1377.4661,329.3418,109.0179,-2196.4453,-197.1912,0.0000,0.0000,0.0000,4313.7949,0.0000,4313.7949,4313.7949,0.0000
3RL7,G2837S,147,4920.3943,1389.1702,326.8757,40.9333,-2194.1076,-196.4014,0.0000,0.0000,0.0000,4286.8645,0.0000,4286.8645,4286.8645,0.0000
3RL7,G2837S,148,4922.4886,1389.6632,326.6868,38.2547,-2193.9832,-196.3369,0.0000,0.0000,0.0000,4286.7732,0.0000,4286.7732,4286.7732,0.0000
3RL7,G2837S,149,4777.4115,1390.5995,325.5881,19.5140,-2199.6445,-200.8672,0.0000,0.0000,0.0000,4112.6013,0.0000,4112.6013,4112.6013,0.0000
3RL7,G2837S,150,4644.5862,1391.0606,329.5479,19.1729,-2205.2917,-203.8033,0.0000,0.0000,0.0000,3975.2726,0.0000,3975.2726,3975.2726,0.0000
3RL7,G2837S,151,4523.9564,1389.3781,339.7908,85.3518,-2210.9299,-205.1965,0.0000,0.0000,0.0000,3922.3508,0.0000,3922.3508,3922.3508,0.0000
3RL7,G2837S,152,4415.5034,1384.7170,343.2127,211.5312,-2216.5695,-205.0099,0.0000,0.0000,0.0000,3933.3848,0.0000,3933.3848,3933.3848,0.0000
3RL7,G2837S,153,4512.5631,1389.0272,340.8628,96.8426,-2211.4937,-205.2504,0.0000,0.0000,0.0000,3922.5517,0.0000,3922.5517,3922.5517,0.0000
3RL7,G2837S,154,4521.7812,1389.3140,340.0058,87.4840,-2211.0371,-205.2080,0.0000,0.0000,0.0000,3922.3399,0.0000,3922.3399,3922.3399,0.0000
3RL7,G2837S,155,4472.3140,1373.5097,330.6022,16.3322,-2212.1602,-200.4728,0.0000,0.0000,0.0000,3780.1251,0.0000,3780.1251,3780.1251,0.0000
3RL7,G2837S,156,4450.2804,1352.6868,330.8490,31.2374,-2213.2693,-193.2532,0.0000,0.0000,0.0000,3758.5311,0.0000,3758.5311,3758.5311,0.0000
3RL7,G2837S,157,4454.2561,1328.8188,336.1319,59.3135,-2214.3663,-183.3652,0.0000,0.0000,0.0000,3780.7888,0.0000,3780.7888,3780.7888,0.0000
3RL7,G2837S,158,4451.2882,1354.9063,330.3950,28.9213,-2213.1589,-194.0912,0.0000,0.0000,0.0000,3758.2607,0.0000,3758.2607,3758.2607,0.0000
3RL7,G2837S,159,4378.7342,1352.2530,339.0534,28.4349,-2215.8085,-195.4736,0.0000,0.0000,0.0000,3687.1933,0.0000,3687.1933,3687.1933,0.0000
3RL7,G2837S,160,4339.0684,1336.5084,343.1513,98.8721,-2218.4686,-194.5970,0.0000,0.0000,0.0000,3704.5346,0.0000,3704.5346,3704.5346,0.0000
3RL7,G2837S,161,4365.8276,1349.1965,340.7571,44.8923,-2216.4612,-195.4699,0.0000,0.0000,0.0000,3688.7424,0.0000,3688.7424,3688.7424,0.0000
3RL7,G2837S,162,4373.8125,1351.2461,339.1286,33.9529,-2216.0456,-195.4881,0.0000,0.0000,0.0000,3686.6063,0.0000,3686.6063,3686.6063,0.0000
3RL7,G2837S,163,4374.7136,1351.4443,339.0308,32.8688,-2216.0012,-195.4868,0.0000,0.0000,0.0000,3686.5695,0.0000,3686.5695,3686.5695,0.0000
3RL7,G2837S,164,4375.1078,1351.5290,338.9991,32.4048,-2215.9820,-195.4860,0.0000,0.0000,0.0000,3686.5728,0.0000,3686.5728,3686.5728,0.0000
3RL7,G2837S,165,4374.8055,1351.4642,339.0227,32.7601,-2215.9967,-195.4866,0.0000,0.0000,0.0000,3686.5692,0.0000,3686.5692,3686.5692,0.0000
3RL7,G2837S,166,4239.7224,1353.0295,333.7179,21.5785,-2221.7208,-200.2547,0.0000,0.0000,0.0000,3526.0729,0.0000,3526.0729,3526.0729,0.0000
3RL7,G2837S,167,4125.6761,1355.9737,330.8319,18.1556,-2227.4469,-202.7999,0.0000,0.0000,0.0000,3400.3905,0.0000,3400.3905,3400.3905,0.0000
3RL7,G2837S,168,4088.5974,1340.4448,332.7995,29.6567,-2227.9046,-203.5643,0.0000,0.0000,0.0000,3360.0294,0.0000,3360.0294,3360.0294,0.0000
3RL7,G2837S,169,4091.2275,1323.1937,337.3546,57.4032,-2228.3593,-202.7646,0.0000,0.0000,0.0000,3378.0551,0.0000,3378.0551,3378.0551,0.0000
3RL7,G2837S,170,4086.8895,1338.4855,333.3460,32.5400,-2227.9578,-203.5472,0.0000,0.0000,0.0000,3359.7559,0.0000,3359.7559,3359.7559,0.0000
3RL7,G2837S,171,4087.0716,1338.7291,333.2760,32.1754,-2227.9512,-203.5504,0.0000,0.0000,0.0000,3359.7503,0.0000,3359.7503,3359.7503,0.0000
3RL7,G2837S,172,4052.0196,1334.4485,333.5386,21.1097,-2229.9826,-205.6548,0.0000,0.0000,0.0000,3305.4788,0.0000,3305.4788,3305.4788,0.0000
3RL7,G2837S,173,4066.7849,1324.7499,344.6552,59.3415,-2231.9815,-206.8293,0.0000,0.0000,0.0000,3356.7206,0.0000,3356.7206,3356.7206,0.0000
3RL7,G2837S,174,4051.2845,1333.8457,334.3314,21.3313,-2230.1839,-205.8109,0.0000,0.0000,0.0000,3304.7982,0.0000,3304.7982,3304.7982,0.0000
3RL7,G2837S,175,4051.0481,1333.2584,335.2745,21.9029,-2230.3647,-205.9436,0.0000,0.0000,0.0000,3305.1756,0.0000,3305.1756,3305.1756,0.0000
3RL7,G2837S,176,4051.2335,1333.7755,334.4346,21.3803,-2230.2063,-205.8277,0.0000,0.0000,0.0000,3304.7899,0.0000,3304.7899,3304.7899,0.0000
3RL7,G2837S,177,4051.2010,1333.7254,334.5096,21.4184,-2230.2221,-205.8396,0.0000,0.0000,0.0000,3304.7927,0.0000,3304.7927,3304.7927,0.0000
3RL7,G2837S,178,4051.2296,1333.7698,334.4431,21.3845,-2230.2081,-205.8291,0.0000,0.0000,0.0000,3304.7899,0.0000,3304.7899,3304.7899,0.0000
3RL7,G2837S,179,3923.7392,1328.1830,341.5793,28.5074,-2236.5522,-209.5531,0.0000,0.0000,0.0000,3175.9035,0.0000,3175.9035,3175.9035,0.0000
3RL7,G2837S,180,3811.2090,1320.6617,343.6505,57.3679,-2242.8785,-210.5840,0.0000,0.0000,0.0000,3079.4266,0.0000,3079.4266,3079.4266,0.0000
3RL7,G2837S,181,3763.4951,1324.3997,333.9010,17.2912,-2243.5724,-210.6384,0.0000,0.0000,0.0000,2984.8762,0.0000,2984.8762,2984.8762,0.0000
3RL7,G2837S,182,3742.9441,1318.0280,337.5390,54.0122,-2244.2445,-208.8155,0.0000,0.0000,0.0000,2999.4634,0.0000,2999.4634,2999.4634,0.0000
3RL7,G2837S,183,3752.5442,1323.0505,334.1515,22.9631,-2243.8245,-210.1808,0.0000,0.0000,0.0000,2978.7041,0.0000,2978.7041,2978.7041,0.0000
3RL7,G2837S,184,3753.8306,1323.3225,333.9428,21.4756,-2243.7898,-210.2595,0.0000,0.0000,0.0000,2978.5222,0.0000,2978.5222,2978.5222,0.0000
3RL7,G2837S,185,3754.6693,1323.4789,333.8312,20.6548,-2243.7682,-210.3059,0.0000,0.0000,0.0000,2978.5601,0.0000,2978.5601,2978.5601,0.0000
3RL7,G2837S,186,3753.9793,1323.3514,333.9216,21.3219,-2243.7859,-210.2680,0.0000,0.0000,0.0000,2978.5203,0.0000,2978.5203,2978.5203,0.0000
3RL7,G2837S,187,3678.8586,1328.0968,334.8035,21.6037,-2246.7786,-205.7677,0.0000,0.0000,0.0000,2910.8163,0.0000,2910.8163,2910.8163,0.0000
3RL7,G2837S,188,3672.1091,1334.8317,337.4873,37.7446,-2249.7637,-195.3770,0.0000,0.0000,0.0000,2937.0321,0.0000,2937.0321,2937.0321,0.0000
3RL7,G2837S,189,3670.9175,1329.5943,335.1560,23.2748,-2247.5025,-203.8563,0.0000,0.0000,0.0000,2907.5838,0.0000,2907.5838,2907.5838,0.0000
3RL7,G2837S,190,3669.2595,1330.0846,335.2857,24.0130,-2247.7288,-203.1843,0.0000,0.0000,0.0000,2907.7296,0.0000,2907.7296,2907.7296,0.0000
3RL7,G2837S,191,3670.4809,1329.7119,335.1863,23.4426,-2247.5572,-203.6973,0.0000,0.0000,0.0000,2907.5672,0.0000,2907.5672,2907.5672,0.0000
3RL7,G2837S,192,3574.4793,1300.6089,340.6027,32.2091,-2253.0981,-193.4394,0.0000,0.0000,0.0000,2801.3625,0.0000,2801.3625,2801.3625,0.0000
3RL7,G2837S,193,3508.8104,1266.3043,341.6855,54.1490,-2258.5308,-178.4088,0.0000,0.0000,0.0000,2734.0096,0.0000,2734.0096,2734.0096,0.0000
3RL7,G2837S,194,3472.5617,1232.5579,342.6214,72.0882,-2263.8484,-157.2559,0.0000,0.0000,0.0000,2698.7250,0.0000,2698.7250,2698.7250,0.0000
3RL7,G2837S,195,3464.8727,1202.1383,344.7059,85.8406,-2269.0416,-128.0671,0.0000,0.0000,0.0000,2700.4489,0.0000,2700.4489,2700.4489,0.0000
3RL7,G2837S,196,3465.5765,1218.2057,343.5346,78.8252,-2266.2247,-145.1262,0.0000,0.0000,0.0000,2694.7911,0.0000,2694.7911,2694.7911,0.0000
3RL7,G2837S,197,3323.7750,1232.5186,343.2639,56.6272,-2270.6313,-182.0096,0.0000,0.0000,0.0000,2503.5438,0.0000,2503.5438,2503.5438,0.0000
3RL7,G2837S,198,3216.1113,1249.1901,342.4897,35.9111,-2274.9545,-199.9295,0.0000,0.0000,0.0000,2368.8183,0.0000,2368.8183,2368.8183,0.0000
3RL7,G2837S,199,3142.9802,1266.8773,340.2300,24.6877,-2279.1978,-206.8178,0.0000,0.0000,0.0000,2288.7597,0.0000,2288.7597,2288.7597,0.0000
3RL7,G2837S,200,3104.6356,1283.6964,336.5705,36.0600,-2283.3593,-206.7066,0.0000,0.0000,0.0000,2270.8966,0.0000,2270.8966,2270.8966,0.0000
3RL7,G2837S,201,3101.1722,1292.5735,348.0369,83.3539,-2287.4383,-201.7083,0.0000,0.0000,0.0000,2335.9899,0.0000,2335.9899,2335.9899,0.0000
3RL7,G2837S,202,3111.4099,1279.5077,337.3674,29.9495,-2282.2633,-207.2764,0.0000,0.0000,0.0000,2268.6948,0.0000,2268.6948,2268.6948,0.0000
3RL7,G2837S,203,3110.5333,1279.9899,337.2432,30.5063,-2282.3857,-207.2305,0.0000,0.0000,0.0000,2268.6565,0.0000,2268.6565,2268.6565,0.0000
3RL7,G2837S,204,3023.8815,1262.4812,336.6285,24.4240,-2287.7810,-218.6238,0.0000,0.0000,0.0000,2141.0106,0.0000,2141.0106,2141.0106,0.0000
3RL7,G2837S,205,2986.7392,1252.3496,337.6048,34.5380,-2293.1465,-222.0043,0.0000,0.0000,0.0000,2096.0807,0.0000,2096.0807,2096.0807,0.0000
3RL7,G2837S,206,2999.2883,1232.2063,342.2333,1037.8141,-2298.4768,-219.6249,0.0000,0.0000,0.0000,3093.4402,0.0000,3093.4402,3093.4402,0.0000
3RL7,G2837S,207,2990.2186,1253.7857,337.2538,28.2225,-2292.0709,-221.8405,0.0000,0.0000,0.0000,2095.5692,0.0000,2095.5692,2095.5692,0.0000
3RL7,G2837S,208,2988.4545,1253.1270,337.3940,30.1856,-2292.5401,-221.9410,0.0000,0.0000,0.0000,2094.6800,0.0000,2094.6800,2094.6800,0.0000
3RL7,G2837S,209,2988.2543,1253.0457,337.4136,30.5082,-2292.6008,-221.9506,0.0000,0.0000,0.0000,2094.6702,0.0000,2094.6702,2094.6702,0.0000
3RL7,G2837S,210,2988.2835,1253.0576,337.4106,30.4593,-2292.5918,-221.9493,0.0000,0.0000,0.0000,2094.6700,0.0000,2094.6700,2094.6700,0.0000
3RL7,G2837S,211,2975.0376,1226.6200,346.5663,143.3543,-2294.9986,-222.2791,0.0000,0.0000,0.0000,2174.3005,0.0000,2174.3005,2174.3005,0.0000
3RL7,G2837S,212,2981.4465,1245.9170,342.0264,43.6481,-2293.4141,-222.3789,0.0000,0.0000,0.0000,2097.2450,0.0000,2097.2450,2097.2450,0.0000
3RL7,G2837S,213,2984.7075,1250.1161,338.8674,23.4780,-2292.9856,-222.1980,0.0000,0.0000,0.0000,2081.9853,0.0000,2081.9853,2081.9853,0.0000
3RL7,G2837S,214,2985.0402,1250.4527,338.6008,22.9191,-2292.9462,-222.1768,0.0000,0.0000,0.0000,2081.8897,0.0000,2081.8897,2081.8897,0.0000
3RL7,G2837S,215,2984.9841,1250.3969,338.6442,22.9938,-2292.9528,-222.1804,0.0000,0.0000,0.0000,2081.8857,0.0000,2081.8857,2081.8857,0.0000
3RL7,G2837S,216,2923.2045,1229.4160,338.1627,27.5986,-2295.6284,-228.2395,0.0000,0.0000,0.0000,1994.5139,0.0000,1994.5139,1994.5139,0.0000
3RL7,G2837S,217,2901.3386,1213.1074,339.2668,32.2542,-2298.3172,-231.4884,0.0000,0.0000,0.0000,1956.1614,0.0000,1956.1614,1956.1614,0.0000
3RL7,G2837S,218,2918.0675,1201.7775,343.1338,39.8782,-2301.0156,-232.4375,0.0000,0.0000,0.0000,1969.4038,0.0000,1969.4038,1969.4038,0.0000
3RL7,G2837S,219,2902.0231,1209.7262,339.8187,33.5814,-2299.0140,-231.9390,0.0000,0.0000,0.0000,1954.1965,0.0000,1954.1965,1954.1965,0.0000
3RL7,G2837S,220,2902.6922,1208.8187,340.0148,34.0035,-2299.2139,-232.0410,0.0000,0.0000,0.0000,1954.2742,0.0000,1954.2742,1954.2742,0.0000
3RL7,G2837S,221,2902.1605,1209.5120,339.8628,33.6778,-2299.0606,-231.9638,0.0000,0.0000,0.0000,1954.1885,0.0000,1954.1885,1954.1885,0.0000
3RL7,G2837S,222,2830.6394,1205.0606,340.5301,28.1514,-2301.9783,-232.7995,0.0000,0.0000,0.0000,1869.6036,0.0000,1869.6036,1869.6036,0.0000
3RL7,G2837S,223,2775.8373,1201.1618,341.9064,26.3914,-2304.8065,-232.9044,0.0000,0.0000,0.0000,1807.5860,0.0000,1807.5860,1807.5860,0.0000
3RL7,G2837S,224,2738.1528,1197.7102,343.7126,29.0948,-2307.5467,-232.2299,0.0000,0.0000,0.0000,1768.8937,0.0000,1768.8937,1768.8937,0.0000
3RL7,G2837S,225,2681.7453,1212.1305,340.4645,35.3215,-2308.3902,-234.9556,0.0000,0.0000,0.0000,1726.3161,0.0000,1726.3161,1726.3161,0.0000
3RL7,G2837S,226,2673.1594,1216.8453,349.7920,94.9146,-2309.2090,-234.7679,0.0000,0.0000,0.0000,1790.7344,0.0000,1790.7344,1790.7344,0.0000
3RL7,G2837S,227,2688.9129,1210.0698,339.0194,28.9941,-2308.2303,-234.6502,0.0000,0.0000,0.0000,1724.1156,0.0000,1724.1156,1724.1156,0.0000
3RL7,G2837S,228,2688.1173,1210.2947,339.1064,29.5068,-2308.2463,-234.6855,0.0000,0.0000,0.0000,1724.0934,0.0000,1724.0934,1724.0934,0.0000
3RL7,G2837S,229,2688.1960,1210.2724,339.0972,29.4543,-2308.2447,-234.6820,0.0000,0.0000,0.0000,1724.0932,0.0000,1724.0932,1724.0932,0.0000
3RL7,G2837S,230,2641.6635,1210.1151,338.7472,22.7561,-2309.8338,-232.8979,0.0000,0.0000,0.0000,1670.5502,0.0000,1670.5502,1670.5502,0.0000
3RL7,G2837S,231,2625.9185,1211.7497,343.1802,29.7601,-2311.3248,-225.5218,0.0000,0.0000,0.0000,1673.7619,0.0000,1673.7619,1673.7619,0.0000
3RL7,G2837S,232,2630.8629,1210.5842,340.6680,24.3926,-2310.5036,-230.4461,0.0000,0.0000,0.0000,1665.5579,0.0000,1665.5579,1665.5579,0.0000
3RL7,G2837S,233,2631.6710,1210.5209,340.4478,24.1140,-2310.4375,-230.7441,0.0000,0.0000,0.0000,1665.5721,0.0000,1665.5721,1665.5721,0.0000
3RL7,G2837S,234,2631.1488,1210.5608,340.5879,24.2888,-2310.4796,-230.5556,0.0000,0.0000,0.0000,1665.5512,0.0000,1665.5512,1665.5512,0.0000
3RL7,G2837S,235,2573.1717,1228.2701,336.6386,20.7839,-2313.4946,-226.7033,0.0000,0.0000,0.0000,1618.6664,0.0000,1618.6664,1618.6664,0.0000
3RL7,G2837S,236,2532.6870,1249.4257,338.2098,22.2432,-2316.5131,-217.2033,0.0000,0.0000,0.0000,1608.8493,0.0000,1608.8493,1608.8493,0.0000
3RL7,G2837S,237,2510.2453,1271.0500,341.4021,27.2471,-2319.5332,-198.8690,0.0000,0.0000,0.0000,1631.5424,0.0000,1631.5424,1631.5424,0.0000
3RL7,G2837S,238,2540.9676,1243.9172,337.2275,21.6291,-2315.7726,-220.1956,0.0000,0.0000,0.0000,1607.7733,0.0000,1607.7733,1607.7733,0.0000
3RL7,G2837S,239,2540.0910,1244.4598,337.3006,21.6829,-2315.8466,-219.9180,0.0000,0.0000,0.0000,1607.7695,0.0000,1607.7695,1607.7695,0.0000
3RL7,G2837S,240,2540.3939,1244.2713,337.2746,21.6640,-2315.8209,-220.0148,0.0000,0.0000,0.0000,1607.7681,0.0000,1607.7681,1607.7681,0.0000
3RL7,G2837S,241,2497.6716,1232.9834,335.0518,20.2759,-2319.3307,-218.1430,0.0000,0.0000,0.0000,1548.5090,0.0000,1548.5090,1548.5090,0.0000
3RL7,G2837S,242,2467.0627,1222.9988,334.5739,19.8917,-2322.8303,-215.8994,0.0000,0.0000,0.0000,1505.7974,0.0000,1505.7974,1505.7974,0.0000
3RL7,G2837S,243,2448.2229,1214.3319,335.9032,21.0142,-2326.3198,-213.2774,0.0000,0.0000,0.0000,1479.8749,0.0000,1479.8749,1479.8749,0.0000
3RL7,G2837S,244,2418.2193,1188.0218,337.2737,25.9540,-2326.8993,-221.9691,0.0000,0.0000,0.0000,1420.6004,0.0000,1420.6004,1420.6004,0.0000
3RL7,G2837S,245,2420.3128,1163.3432,344.5885,49.3921,-2327.4859,-225.3495,0.0000,0.0000,0.0000,1424.8012,0.0000,1424.8012,1424.8012,0.0000
3RL7,G2837S,246,2415.2305,1177.0368,339.7932,33.0557,-2327.1539,-224.0401,0.0000,0.0000,0.0000,1413.9222,0.0000,1413.9222,1413.9222,0.0000
3RL7,G2837S,247,2415.2857,1175.6502,340.2127,34.2231,-2327.1870,-224.2392,0.0000,0.0000,0.0000,1413.9455,0.0000,1413.9455,1413.9455,0.0000
3RL7,G2837S,248,2415.2401,1176.4912,339.9552,33.5058,-2327.1669,-224.1202,0.0000,0.0000,0.0000,1413.9052,0.0000,1413.9052,1413.9052,0.0000
3RL7,G2837S,249,2393.4805,1174.7014,347.6916,30.6150,-2329.1387,-228.3771,0.0000,0.0000,0.0000,1388.9728,0.0000,1388.9728,1388.9728,0.0000
3RL7,G2837S,250,2393.8069,1164.1866,355.1826,76.0015,-2331.1065,-230.3829,0.0000,0.0000,0.0000,1427.6882,0.0000,1427.6882,1427.6882,0.0000
3RL7,G2837S,251,2397.7442,1176.0725,339.8686,25.1771,-2328.5387,-227.3211,0.0000,0.0000,0.0000,1383.0027,0.0000,1383.0027,1383.0027,0.0000
3RL7,G2837S,252,2396.8805,1175.9197,340.5625,25.4328,-2328.6399,-227.5140,0.0000,0.0000,0.0000,1382.6416,0.0000,1382.6416,1382.6416,0.0000
3RL7,G2837S,253,2396.4766,1175.8339,340.9258,25.6474,-2328.6898,-227.6068,0.0000,0.0000,0.0000,1382.5871,0.0000,1382.5871,1382.5871,0.0000
3RL7,G2837S,254,2396.1253,1175.7503,341.2894,25.8941,-2328.7347,-227.6891,0.0000,0.0000,0.0000,1382.6353,0.0000,1382.6353,1382.6353,0.0000
3RL7,G2837S,255,2396.4410,1175.8258,340.9603,25.6697,-2328.6943,-227.6151,0.0000,0.0000,0.0000,1382.5873,0.0000,1382.5873,1382.5873,0.0000
3RL7,G2837S,256,2396.4694,1175.8322,340.9328,25.6519,-2328.6907,-227.6085,0.0000,0.0000,0.0000,1382.5870,0.0000,1382.5870,1382.5870,0.0000
3RL7,G2837S,257,2363.0243,1165.5045,339.7456,23.0647,-2332.8157,-225.5599,0.0000,0.0000,0.0000,1332.9635,0.0000,1332.9635,1332.9635,0.0000
3RL7,G2837S,258,2361.3567,1158.5566,343.1877,28.8938,-2336.9843,-215.7828,0.0000,0.0000,0.0000,1339.2276,0.0000,1339.2276,1339.2276,0.0000
3RL7,G2837S,259,2358.6333,1162.4252,340.8360,24.4989,-2334.4046,-222.8451,0.0000,0.0000,0.0000,1329.1436,0.0000,1329.1436,1329.1436,0.0000
3RL7,G2837S,260,2358.8628,1162.7101,340.7081,24.3082,-2334.2454,-223.1701,0.0000,0.0000,0.0000,1329.1736,0.0000,1329.1736,1329.1736,0.0000
3RL7,G2837S,261,2358.6561,1162.4560,340.8219,24.4776,-2334.3872,-222.8812,0.0000,0.0000,0.0000,1329.1432,0.0000,1329.1432,1329.1432,0.0000
3RL7,G2837S,262,2330.6112,1152.1026,350.6252,38.6959,-2338.3869,-220.8578,0.0000,0.0000,0.0000,1312.7902,0.0000,1312.7902,1312.7902,0.0000
3RL7,G2837S,263,2320.4304,1135.5258,354.3331,96.3922,-2342.3464,-217.0006,0.0000,0.0000,0.0000,1347.3345,0.0000,1347.3345,1347.3345,0.0000
3RL7,G2837S,264,2337.5382,1156.1989,344.2586,27.0661,-2337.1340,-221.6827,0.0000,0.0000,0.0000,1306.2451,0.0000,1306.2451,1306.2451,0.0000
3RL7,G2837S,265,2339.2809,1156.9887,343.3447,25.3652,-2336.8602,-221.8391,0.0000,0.0000,0.0000,1306.2802,0.0000,1306.2802,1306.2802,0.0000
3RL7,G2837S,266,2338.2940,1156.5508,343.8332,26.2783,-2337.0136,-221.7525,0.0000,0.0000,0.0000,1306.1902,0.0000,1306.1902,1306.1902,0.0000
3RL7,G2837S,267,2305.4178,1132.2799,341.4828,26.1057,-2340.3284,-221.5690,0.0000,0.0000,0.0000,1243.3887,0.0000,1243.3887,1243.3887,0.0000
3RL7,G2837S,268,2282.0293,1106.9461,346.6169,39.2521,-2343.6274,-220.2682,0.0000,0.0000,0.0000,1210.9487,0.0000,1210.9487,1210.9487,0.0000
3RL7,G2837S,269,2268.8044,1081.8482,348.8713,53.0318,-2346.9117,-217.8170,0.0000,0.0000,0.0000,1187.8270,0.0000,1187.8270,1187.8270,0.0000
3RL7,G2837S,270,2240.3602,1101.8544,342.3388,25.3324,-2348.0249,-227.4044,0.0000,0.0000,0.0000,1134.4564,0.0000,1134.4564,1134.4564,0.0000
3RL7,G2837S,271,2267.1963,1124.0024,340.7673,21.9888,-2349.1174,-230.8191,0.0000,0.0000,0.0000,1174.0183,0.0000,1174.0183,1174.0183,0.0000
3RL7,G2837S,272,2240.5462,1103.9067,341.9659,24.5589,-2348.1351,-227.9999,0.0000,0.0000,0.0000,1134.8426,0.0000,1134.8426,1134.8426,0.0000
3RL7,G2837S,273,2240.3539,1102.0581,342.2986,25.2478,-2348.0360,-227.4667,0.0000,0.0000,0.0000,1134.4556,0.0000,1134.4556,1134.4556,0.0000
3RL7,G2837S,274,2201.5893,1108.4045,339.1234,41.0278,-2349.1786,-233.7051,0.0000,0.0000,0.0000,1107.2612,0.0000,1107.2612,1107.2612,0.0000
3RL7,G2837S,275,2200.2030,1111.6155,342.1552,86.0913,-2350.3232,-236.0131,0.0000,0.0000,0.0000,1153.7287,0.0000,1153.7287,1153.7287,0.0000
3RL7,G2837S,276,2205.8434,1107.5549,339.4274,34.8028,-2348.9738,-232.9065,0.0000,0.0000,0.0000,1105.7482,0.0000,1105.7482,1105.7482,0.0000
3RL7,G2837S,277,2208.1929,1107.1267,339.5973,32.3315,-2348.8799,-232.4969,0.0000,0.0000,0.0000,1105.8716,0.0000,1105.8716,1105.8716,0.0000
3RL7,G2837S,278,2206.4355,1107.4450,339.4716,34.1291,-2348.9492,-232.8018,0.0000,0.0000,0.0000,1105.7303,0.0000,1105.7303,1105.7303,0.0000
3RL7,G2837S,279,2182.2256,1097.8660,342.1895,24.7125,-2350.6275,-235.0872,0.0000,0.0000,0.0000,1061.2790,0.0000,1061.2790,1061.2790,0.0000
3RL7,G2837S,280,2187.2193,1089.4843,345.8001,43.8218,-2352.3016,-232.1517,0.0000,0.0000,0.0000,1081.8721,0.0000,1081.8721,1081.8721,0.0000
3RL7,G2837S,281,2181.3371,1096.8052,343.0810,25.5614,-2350.8337,-234.9994,0.0000,0.0000,0.0000,1060.9516,0.0000,1060.9516,1060.9516,0.0000
3RL7,G2837S,282,2181.4518,1096.9766,342.9343,25.3949,-2350.8002,-235.0190,0.0000,0.0000,0.0000,1060.9384,0.0000,1060.9384,1060.9384,0.0000
3RL7,G2837S,283,2134.2261,1114.5416,337.4942,24.8367,-2353.5718,-236.9212,0.0000,0.0000,0.0000,1020.6057,0.0000,1020.6057,1020.6057,0.0000
3RL7,G2837S,284,2104.3655,1130.6752,345.8117,37.4084,-2356.3213,-237.2375,0.0000,0.0000,0.0000,1024.7020,0.0000,1024.7020,1024.7020,0.0000
3RL7,G2837S,285,2120.6032,1120.8501,339.8581,28.9594,-2354.6356,-237.2254,0.0000,0.0000,0.0000,1018.4097,0.0000,1018.4097,1018.4097,0.0000
3RL7,G2837S,286,2122.4095,1119.9493,339.3826,28.2764,-2354.4822,-237.1958,0.0000,0.0000,0.0000,1018.3399,0.0000,1018.3399,1018.3399,0.0000
3RL7,G2837S,287,2123.5052,1119.4144,339.1217,27.8831,-2354.3913,-237.1760,0.0000,0.0000,0.0000,1018.3572,0.0000,1018.3572,1018.3572,0.0000
3RL7,G2837S,288,2122.5334,1119.8884,339.3521,28.2312,-2354.4718,-237.1936,0.0000,0.0000,0.0000,1018.3396,0.0000,1018.3396,1018.3396,0.0000
3RL7,G2837S,289,2090.8958,1111.7794,337.8279,36.9571,-2358.0218,-236.6332,0.0000,0.0000,0.0000,982.8053,0.0000,982.8053,982.8053,0.0000
3RL7,G2837S,290,2077.9908,1101.0432,343.1138,82.2562,-2361.5256,-234.9659,0.0000,0.0000,0.0000,1007.9125,0.0000,1007.9125,1007.9125,0.0000
3RL7,G2837S,291,2088.7347,1110.8077,338.3835,40.0153,-2358.3743,-236.5187,0.0000,0.0000,0.0000,983.0483,0.0000,983.0483,983.0483,0.0000
3RL7,G2837S,292,2090.6356,1111.6681,337.8888,37.2918,-2358.0627,-236.6205,0.0000,0.0000,0.0000,982.8011,0.0000,982.8011,982.8011,0.0000
3RL7,G2837S,293,2058.2997,1095.4046,334.8991,21.3702,-2362.0040,-234.1013,0.0000,0.0000,0.0000,913.8684,0.0000,913.8684,913.8684,0.0000
3RL7,G2837S,294,2039.1948,1071.1015,343.1596,190.7106,-2365.9089,-229.9442,0.0000,0.0000,0.0000,1048.3135,0.0000,1048.3135,1048.3135,0.0000
3RL7,G2837S,295,2055.0212,1093.2991,334.6603,21.2748,-2362.5218,-233.6507,0.0000,0.0000,0.0000,908.0828,0.0000,908.0828,908.0828,0.0000
3RL7,G2837S,296,2052.9922,1091.9126,334.8116,22.0144,-2362.8618,-233.3389,0.0000,0.0000,0.0000,905.5301,0.0000,905.5301,905.5301,0.0000
3RL7,G2837S,297,2051.2511,1090.6444,335.9099,24.3907,-2363.1675,-233.0474,0.0000,0.0000,0.0000,905.9812,0.0000,905.9812,905.9812,0.0000
3RL7,G2837S,298,2052.3288,1091.4402,335.0511,22.6013,-2362.9766,-233.2306,0.0000,0.0000,0.0000,905.2142,0.0000,905.2142,905.2142,0.0000
3RL7,G2837S,299,2052.2196,1091.3613,335.1072,22.7264,-2362.9957,-233.2125,0.0000,0.0000,0.0000,905.2062,0.0000,905.2062,905.2062,0.0000
3RL7,G2837S,300,2052.1216,1091.2902,335.1623,22.8470,-2363.0129,-233.1961,0.0000,0.0000,0.0000,905.2121,0.0000,905.2121,905.2121,0.0000
3RL7,G2837S,301,2052.2098,1091.3542,335.1125,22.7381,-2362.9974,-233.2108,0.0000,0.0000,0.0000,905.2063,0.0000,905.2063,905.2063,0.0000
3RL7,G2837S,302,2048.9032,1053.6146,342.6427,59.4924,-2365.8073,-226.4834,0.0000,0.0000,0.0000,912.3624,0.0000,912.3624,912.3624,0.0000
3RL7,G2837S,303,2047.7216,1074.0225,343.6036,51.9631,-2364.3583,-230.4185,0.0000,0.0000,0.0000,922.5339,0.0000,922.5339,922.5339,0.0000
3RL7,G2837S,304,2049.6506,1085.0333,344.6314,35.8929,-2363.5737,-232.1264,0.0000,0.0000,0.0000,919.5082,0.0000,919.5082,919.5082,0.0000
3RL7,G2837S,305,2051.1543,1089.5008,338.3931,20.5040,-2363.2098,-232.8272,0.0000,0.0000,0.0000,903.5152,0.0000,903.5152,903.5152,0.0000
3RL7,G2837S,306,2051.5914,1090.3815,335.3267,19.7146,-2363.1186,-232.9942,0.0000,0.0000,0.0000,900.9014,0.0000,900.9014,900.9014,0.0000
3RL7,G2837S,307,2051.6513,1090.4886,335.0709,19.8237,-2363.1065,-233.0161,0.0000,0.0000,0.0000,900.9118,0.0000,900.9118,900.9118,0.0000
3RL7,G2837S,308,2051.6149,1090.4238,335.2203,19.7515,-2363.1138,-233.0028,0.0000,0.0000,0.0000,900.8938,0.0000,900.8938,900.8938,0.0000
3RL7,G2837S,309,1995.3536,1096.2554,351.5965,83.5009,-2368.1681,-237.1969,0.0000,0.0000,0.0000,921.3414,0.0000,921.3414,921.3414,0.0000
3RL7,G2837S,310,2021.8316,1093.5097,350.3923,62.8587,-2365.2486,-235.1485,0.0000,0.0000,0.0000,928.1953,0.0000,928.1953,928.1953,0.0000
3RL7,G2837S,311,2051.6149,1090.4238,335.2203,19.7515,-2363.1138,-233.0028,0.0000,0.0000,0.0000,900.8938,0.0000,900.8938,900.8938,0.0000
3RL7,G2837S,312,2005.9753,1096.2578,350.6681,72.2381,-2365.9673,-237.2686,0.0000,0.0000,0.0000,921.9033,0.0000,921.9033,921.9033,0.0000
3RL7,G2837S,313,2029.5736,1093.7329,349.8669,56.9250,-2364.2730,-235.0677,0.0000,0.0000,0.0000,930.7577,0.0000,930.7577,930.7577,0.0000
3RL7,G2837S,314,2045.1788,1091.9271,340.9027,32.9630,-2363.4280,-233.6090,0.0000,0.0000,0.0000,913.9346,0.0000,913.9346,913.9346,0.0000
3RL7,G2837S,315,2050.2333,1090.8409,334.5644,20.9652,-2363.1799,-233.1332,0.0000,0.0000,0.0000,900.2907,0.0000,900.2907,900.2907,0.0000
3RL7,G2837S,316,2050.6299,1090.7271,334.5962,20.4758,-2363.1609,-233.0958,0.0000,0.0000,0.0000,900.1723,0.0000,900.1723,900.1723,0.0000
3RL7,G2837S,317,2050.5902,1090.7387,334.5871,20.5198,-2363.1628,-233.0995,0.0000,0.0000,0.0000,900.1735,0.0000,900.1735,900.1735,0.0000
3RL7,G2837S,318,2050.6259,1090.7283,334.5952,20.4801,-2363.1611,-233.0962,0.0000,0.0000,0.0000,900.1723,0.0000,900.1723,900.1723,0.0000
3RL7,G2837S,319,2050.6289,1090.7274,334.5960,20.4768,-2363.1609,-233.0959,0.0000,0.0000,0.0000,900.1723,0.0000,900.1723,900.1723,0.0000
3RL7,G2837S,320,1996.6612,1100.3117,349.1768,49.9175,-2366.1142,-236.4284,0.0000,0.0000,0.0000,893.5245,0.0000,893.5245,893.5245,0.0000
3RL7,G2837S,321,1965.0664,1111.7841,350.3040,58.4681,-2368.9859,-238.0423,0.0000,0.0000,0.0000,878.5945,0.0000,878.5945,878.5945,0.0000
3RL7,G2837S,322,1955.2074,1125.4297,352.5532,72.6458,-2371.7737,-237.9806,0.0000,0.0000,0.0000,896.0817,0.0000,896.0817,896.0817,0.0000
3RL7,G2837S,323,1967.2376,1110.5308,350.0760,57.5247,-2368.7025,-237.9566,0.0000,0.0000,0.0000,878.7100,0.0000,878.7100,878.7100,0.0000
3RL7,G2837S,324,1965.3353,1111.6206,350.2748,58.3426,-2368.9493,-238.0321,0.0000,0.0000,0.0000,878.5919,0.0000,878.5919,878.5919,0.0000
3RL7,G2837S,325,1968.4974,1096.3661,335.2513,28.9060,-2369.6049,-237.4342,0.0000,0.0000,0.0000,821.9816,0.0000,821.9816,821.9816,0.0000
3RL7,G2837S,326,2014.5785,1067.1722,342.8611,121.4884,-2370.1742,-235.7983,0.0000,0.0000,0.0000,940.1277,0.0000,940.1277,940.1277,0.0000
3RL7,G2837S,327,1965.0227,1100.0189,336.4347,25.8111,-2369.5020,-237.6044,0.0000,0.0000,0.0000,820.1809,0.0000,820.1809,820.1809,0.0000
3RL7,G2837S,328,1965.6128,1099.3312,336.0828,26.1403,-2369.5224,-237.5732,0.0000,0.0000,0.0000,820.0714,0.0000,820.0714,820.0714,0.0000
3RL7,G2837S,329,1965.5517,1099.4007,336.1148,26.1013,-2369.5204,-237.5764,0.0000,0.0000,0.0000,820.0717,0.0000,820.0717,820.0717,0.0000
3RL7,G2837S,330,2000.6446,1049.5007,339.4972,23.5792,-2371.2395,-235.6803,0.0000,0.0000,0.0000,806.3020,0.0000,806.3020,806.3020,0.0000
3RL7,G2837S,331,2097.2975,1004.2526,343.0285,42.5461,-2372.8595,-230.7836,0.0000,0.0000,0.0000,883.4817,0.0000,883.4817,883.4817,0.0000
3RL7,G2837S,332,1980.2737,1067.9117,335.2536,20.8404,-2370.6042,-236.7252,0.0000,0.0000,0.0000,796.9499,0.0000,796.9499,796.9499,0.0000
3RL7,G2837S,333,1977.7359,1071.0025,334.7325,20.8682,-2370.4975,-236.8590,0.0000,0.0000,0.0000,796.9827,0.0000,796.9827,796.9827,0.0000
3RL7,G2837S,334,1979.1386,1069.2572,335.0121,20.8360,-2370.5578,-236.7849,0.0000,0.0000,0.0000,796.9013,0.0000,796.9013,796.9013,0.0000
3RL7,G2837S,335,1972.1544,1056.9053,338.4281,35.9571,-2373.7735,-235.6536,0.0000,0.0000,0.0000,794.0178,0.0000,794.0178,794.0178,0.0000
3RL7,G2837S,336,1992.8268,1039.0613,349.6037,112.0851,-2376.9714,-233.6261,0.0000,0.0000,0.0000,882.9796,0.0000,882.9796,882.9796,0.0000
3RL7,G2837S,337,1971.9738,1063.1976,334.1294,22.3059,-2372.2507,-236.3006,0.0000,0.0000,0.0000,783.0555,0.0000,783.0555,783.0555,0.0000
3RL7,G2837S,338,1971.7100,1062.6073,334.2579,23.1234,-2372.4031,-236.2448,0.0000,0.0000,0.0000,783.0506,0.0000,783.0506,783.0506,0.0000
3RL7,G2837S,339,1971.8282,1062.8903,334.1895,22.7193,-2372.3303,-236.2717,0.0000,0.0000,0.0000,783.0254,0.0000,783.0254,783.0254,0.0000
3RL7,G2837S,340,1935.1571,1049.1155,344.2457,55.8589,-2379.0608,-231.6140,0.0000,0.0000,0.0000,773.7023,0.0000,773.7023,773.7023,0.0000
3RL7,G2837S,341,1949.4467,1029.3003,341.3054,112.0806,-2385.7586,-224.3691,0.0000,0.0000,0.0000,822.0055,0.0000,822.0055,822.0055,0.0000
3RL7,G2837S,342,1944.1074,1055.8381,339.5194,30.9875,-2376.3137,-233.8113,0.0000,0.0000,0.0000,760.3274,0.0000,760.3274,760.3274,0.0000
3RL7,G2837S,343,1946.8238,1056.9335,337.9233,28.0440,-2375.7791,-234.1904,0.0000,0.0000,0.0000,759.7551,0.0000,759.7551,759.7551,0.0000
3RL7,G2837S,344,1946.5379,1056.8269,338.0769,28.3040,-2375.8326,-234.1531,0.0000,0.0000,0.0000,759.7600,0.0000,759.7600,759.7600,0.0000
3RL7,G2837S,345,1946.7950,1056.9229,337.9385,28.0697,-2375.7845,-234.1866,0.0000,0.0000,0.0000,759.7550,0.0000,759.7550,759.7550,0.0000
3RL7,G2837S,346,1896.5575,1069.6234,342.4474,42.1215,-2381.8200,-235.4279,0.0000,0.0000,0.0000,733.5019,0.0000,733.5019,733.5019,0.0000
3RL7,G2837S,347,1879.1097,1080.5632,348.6037,93.8381,-2387.8394,-232.8288,0.0000,0.0000,0.0000,781.4464,0.0000,781.4464,781.4464,0.0000
3RL7,G2837S,348,1902.6068,1067.6688,340.5191,37.5525,-2380.8216,-235.5235,0.0000,0.0000,0.0000,732.0021,0.0000,732.0021,732.0021,0.0000
3RL7,G2837S,349,1905.9948,1066.6854,339.3797,35.4711,-2380.3185,-235.5306,0.0000,0.0000,0.0000,731.6820,0.0000,731.6820,731.6820,0.0000
3RL7,G2837S,350,1909.2394,1065.8005,338.3515,33.7076,-2379.8656,-235.5124,0.0000,0.0000,0.0000,731.7209,0.0000,731.7209,731.7209,0.0000
3RL7,G2837S,351,1907.2275,1066.3433,338.9769,34.7773,-2380.1434,-235.5264,0.0000,0.0000,0.0000,731.6552,0.0000,731.6552,731.6552,0.0000
3RL7,G2837S,352,1882.3643,1057.4046,335.5882,31.3322,-2384.1157,-233.8266,0.0000,0.0000,0.0000,688.7470,0.0000,688.7470,688.7470,0.0000
3RL7,G2837S,353,1876.3549,1043.6587,342.0344,95.1931,-2388.0562,-230.1099,0.0000,0.0000,0.0000,739.0750,0.0000,739.0750,739.0750,0.0000
3RL7,G2837S,354,1884.0052,1058.5169,335.1984,28.6144,-2383.7199,-234.0886,0.0000,0.0000,0.0000,688.5265,0.0000,688.5265,688.5265,0.0000
3RL7,G2837S,355,1883.4984,1058.1921,335.3011,29.3375,-2383.8374,-234.0129,0.0000,0.0000,0.0000,688.4787,0.0000,688.4787,688.4787,0.0000
3RL7,G2837S,356,1882.0818,1016.2767,335.2349,22.8471,-2387.6462,-232.3262,0.0000,0.0000,0.0000,636.4682,0.0000,636.4682,636.4682,0.0000
3RL7,G2837S,357,1923.5049,978.5454,336.8469,35.3380,-2391.3154,-227.5424,0.0000,0.0000,0.0000,655.3774,0.0000,655.3774,655.3774,0.0000
3RL7,G2837S,358,1886.7797,1008.6050,335.4818,24.5837,-2388.3617,-231.6583,0.0000,0.0000,0.0000,635.4304,0.0000,635.4304,635.4304,0.0000
3RL7,G2837S,359,1886.2392,1009.3643,335.4553,24.3878,-2388.2903,-231.7303,0.0000,0.0000,0.0000,635.4261,0.0000,635.4261,635.4261,0.0000
3RL7,G2837S,360,1886.4091,1009.1231,335.4637,24.4495,-2388.3130,-231.7075,0.0000,0.0000,0.0000,635.4249,0.0000,635.4249,635.4249,0.0000
3RL7,G2837S,361,1819.4906,994.5164,339.1475,25.5927,-2395.4893,-231.7456,0.0000,0.0000,0.0000,551.5123,0.0000,551.5123,551.5123,0.0000
3RL7,G2837S,362,1770.9514,979.8088,342.9705,44.1081,-2402.5463,-230.1978,0.0000,0.0000,0.0000,505.0948,0.0000,505.0948,505.0948,0.0000
3RL7,G2837S,363,1740.8982,967.2981,344.1230,65.9213,-2409.4753,-226.7193,0.0000,0.0000,0.0000,482.0460,0.0000,482.0460,482.0460,0.0000
3RL7,G2837S,364,1729.7067,958.5441,344.4273,86.7757,-2416.2742,-220.7461,0.0000,0.0000,0.0000,482.4336,0.0000,482.4336,482.4336,0.0000
3RL7,G2837S,365,1733.0920,962.5271,344.2966,76.1718,-2412.7826,-224.1849,0.0000,0.0000,0.0000,479.1200,0.0000,479.1200,479.1200,0.0000
3RL7,G2837S,366,1732.5230,962.0760,344.3104,77.2457,-2413.1333,-223.8771,0.0000,0.0000,0.0000,479.1446,0.0000,479.1446,479.1446,0.0000
3RL7,G2837S,367,1733.0160,962.4685,344.2984,76.3100,-2412.8277,-224.1457,0.0000,0.0000,0.0000,479.1194,0.0000,479.1194,479.1194,0.0000
3RL7,G2837S,368,1664.0725,936.0120,343.7984,49.4700,-2418.2749,-220.4561,0.0000,0.0000,0.0000,354.6219,0.0000,354.6219,354.6219,0.0000
3RL7,G2837S,369,1643.5325,914.6498,344.0717,36.8332,-2423.5058,-215.2967,0.0000,0.0000,0.0000,300.2848,0.0000,300.2848,300.2848,0.0000
3RL7,G2837S,370,1672.4398,898.4443,344.5189,37.0654,-2428.5623,-208.3720,0.0000,0.0000,0.0000,315.5341,0.0000,315.5341,315.5341,0.0000
3RL7,G2837S,371,1646.5953,909.5922,344.2092,35.6803,-2424.9355,-213.5526,0.0000,0.0000,0.0000,297.5889,0.0000,297.5889,297.5889,0.0000
3RL7,G2837S,372,1538.7762,950.7375,340.5878,21.9686,-2432.7564,-215.4886,0.0000,0.0000,0.0000,203.8252,0.0000,203.8252,203.8252,0.0000
3RL7,G2837S,373,1495.1355,998.5583,335.4057,30.8096,-2440.3913,-214.8788,0.0000,0.0000,0.0000,204.6390,0.0000,204.6390,204.6390,0.0000
3RL7,G2837S,374,1509.3779,973.4312,337.7342,22.8347,-2436.5343,-215.4937,0.0000,0.0000,0.0000,191.3502,0.0000,191.3502,191.3502,0.0000
3RL7,G2837S,375,1507.2190,975.8661,337.4491,23.2916,-2436.9220,-215.4602,0.0000,0.0000,0.0000,191.4436,0.0000,191.4436,191.4436,0.0000
3RL7,G2837S,376,1509.0428,973.7963,337.6909,22.8988,-2436.5926,-215.4890,0.0000,0.0000,0.0000,191.3472,0.0000,191.3472,191.3472,0.0000
3RL7,G2837S,377,1443.6017,963.1071,339.3736,21.2082,-2444.3773,-222.4587,0.0000,0.0000,0.0000,100.4545,0.0000,100.4545,100.4545,0.0000
3RL7,G2837S,378,1429.1210,959.4035,342.3053,27.2746,-2452.0747,-226.3943,0.0000,0.0000,0.0000,79.6353,0.0000,79.6353,79.6353,0.0000
3RL7,G2837S,379,1464.5005,962.2194,344.4687,43.6601,-2459.6760,-227.6928,0.0000,0.0000,0.0000,127.4800,0.0000,127.4800,127.4800,0.0000
3RL7,G2837S,380,1427.9848,959.5937,341.6859,25.3947,-2450.5542,-225.8335,0.0000,0.0000,0.0000,78.2713,0.0000,78.2713,78.2713,0.0000
3RL7,G2837S,381,1367.8697,953.3362,338.8174,20.0682,-2457.6402,-231.4700,0.0000,0.0000,0.0000,-9.0188,0.0000,-9.0188,-9.0188,0.0000
3RL7,G2837S,382,1363.9205,957.2019,338.0747,25.5845,-2464.8575,-234.8757,0.0000,0.0000,0.0000,-14.9516,0.0000,-14.9516,-14.9516,0.0000
3RL7,G2837S,383,1417.9976,971.4980,339.3434,50.3636,-2472.1989,-236.1377,0.0000,0.0000,0.0000,70.8659,0.0000,70.8659,70.8659,0.0000
3RL7,G2837S,384,1358.6277,954.2390,338.1205,21.9684,-2461.7456,-233.6802,0.0000,0.0000,0.0000,-22.4702,0.0000,-22.4702,-22.4702,0.0000
3RL7,G2837S,385,1358.6814,954.4466,338.0986,22.2361,-2462.0558,-233.8175,0.0000,0.0000,0.0000,-22.4106,0.0000,-22.4106,-22.4106,0.0000
3RL7,G2837S,386,1358.6284,954.2601,338.1180,21.9959,-2461.7785,-233.6949,0.0000,0.0000,0.0000,-22.4710,0.0000,-22.4710,-22.4710,0.0000
3RL7,G2837S,387,1260.8122,981.3255,334.3291,25.4276,-2468.3569,-234.8461,0.0000,0.0000,0.0000,-101.3086,0.0000,-101.3086,-101.3086,0.0000
3RL7,G2837S,388,1210.9614,1013.3865,337.1264,57.7407,-2474.6911,-233.9277,0.0000,0.0000,0.0000,-89.4038,0.0000,-89.4038,-89.4038,0.0000
3RL7,G2837S,389,1236.4406,992.9180,334.3485,33.6182,-2470.7695,-234.7523,0.0000,0.0000,0.0000,-108.1963,0.0000,-108.1963,-108.1963,0.0000
3RL7,G2837S,390,1184.3696,991.0015,342.1839,22.4220,-2476.7211,-231.8525,0.0000,0.0000,0.0000,-168.5966,0.0000,-168.5966,-168.5966,0.0000
3RL7,G2837S,391,1164.6037,984.7709,346.5627,46.7417,-2482.3843,-226.3514,0.0000,0.0000,0.0000,-166.0566,0.0000,-166.0566,-166.0566,0.0000
3RL7,G2837S,392,1171.7049,988.3366,345.2469,31.1025,-2479.2760,-229.7625,0.0000,0.0000,0.0000,-172.6475,0.0000,-172.6475,-172.6475,0.0000
3RL7,G2837S,393,1172.6891,988.6273,345.0369,30.0097,-2479.0231,-229.9960,0.0000,0.0000,0.0000,-172.6562,0.0000,-172.6562,-172.6562,0.0000
3RL7,G2837S,394,1172.2921,988.5126,345.1224,30.4378,-2479.1233,-229.9043,0.0000,0.0000,0.0000,-172.6626,0.0000,-172.6626,-172.6626,0.0000
3RL7,G2837S,395,1138.6345,939.6280,347.1420,36.8058,-2485.2794,-227.0671,0.0000,0.0000,0.0000,-250.1362,0.0000,-250.1362,-250.1362,0.0000
3RL7,G2837S,396,1143.1747,895.6264,347.8633,43.3744,-2491.2830,-222.1941,0.0000,0.0000,0.0000,-283.4383,0.0000,-283.4383,-283.4383,0.0000
3RL7,G2837S,397,1185.1322,858.2743,348.6626,47.7122,-2497.1247,-214.8249,0.0000,0.0000,0.0000,-272.1682,0.0000,-272.1682,-272.1682,0.0000
3RL7,G2837S,398,1150.1121,885.7026,348.0684,44.6685,-2492.7453,-220.6233,0.0000,0.0000,0.0000,-284.8169,0.0000,-284.8169,-284.8169,0.0000
3RL7,G2837S,399,1069.4903,894.9246,349.5650,40.6563,-2497.9577,-217.0133,0.0000,0.0000,0.0000,-360.3347,0.0000,-360.3347,-360.3347,0.0000
3RL7,G2837S,400,1015.7127,908.1727,351.4611,37.4147,-2502.8948,-212.1344,0.0000,0.0000,0.0000,-402.2680,0.0000,-402.2680,-402.2680,0.0000
3RL7,G2837S,401,989.2897,925.3685,353.7371,35.0838,-2507.5723,-205.8188,0.0000,0.0000,0.0000,-409.9119,0.0000,-409.9119,-409.9119,0.0000
3RL7,G2837S,402,990.5734,946.4364,356.3267,34.0029,-2512.0099,-197.8441,0.0000,0.0000,0.0000,-382.5146,0.0000,-382.5146,-382.5146,0.0000
3RL7,G2837S,403,993.9100,920.1584,353.0637,35.6313,-2506.2873,-207.7444,0.0000,0.0000,0.0000,-411.2684,0.0000,-411.2684,-411.2684,0.0000
3RL7,G2837S,404,951.1977,893.9243,354.0700,36.0202,-2510.5365,-203.5795,0.0000,0.0000,0.0000,-478.9038,0.0000,-478.9038,-478.9038,0.0000
3RL7,G2837S,405,930.7313,870.2532,353.5217,46.7437,-2514.5723,-198.3527,0.0000,0.0000,0.0000,-511.6752,0.0000,-511.6752,-511.6752,0.0000
3RL7,G2837S,406,932.8000,850.1401,352.9103,60.2851,-2518.4123,-191.9158,0.0000,0.0000,0.0000,-514.1926,0.0000,-514.1926,-514.1926,0.0000
3RL7,G2837S,407,957.5195,834.5074,352.9248,72.8144,-2522.0750,-184.0803,0.0000,0.0000,0.0000,-488.3892,0.0000,-488.3892,-488.3892,0.0000
3RL7,G2837S,408,929.2031,857.9559,353.0898,54.6440,-2516.8494,-194.7310,0.0000,0.0000,0.0000,-516.6877,0.0000,-516.6877,-516.6877,0.0000
3RL7,G2837S,409,929.0051,859.1255,353.1253,53.8382,-2516.6246,-195.1129,0.0000,0.0000,0.0000,-516.6434,0.0000,-516.6434,-516.6434,0.0000
3RL7,G2837S,410,929.1798,858.0722,353.0932,54.5634,-2516.8270,-194.7694,0.0000,0.0000,0.0000,-516.6878,0.0000,-516.6878,-516.6878,0.0000
3RL7,G2837S,411,916.3398,820.7747,355.0705,38.0615,-2520.7518,-192.2961,0.0000,0.0000,0.0000,-582.8014,0.0000,-582.8014,-582.8014,0.0000
3RL7,G2837S,412,919.4717,786.9818,356.9803,29.7660,-2524.5163,-188.4862,0.0000,0.0000,0.0000,-619.8028,0.0000,-619.8028,-619.8028,0.0000
3RL7,G2837S,413,937.8355,757.5374,358.8633,26.7243,-2528.1335,-183.1906,0.0000,0.0000,0.0000,-630.3635,0.0000,-630.3635,-630.3635,0.0000
3RL7,G2837S,414,970.9165,733.1384,360.5611,26.9305,-2531.6205,-176.2337,0.0000,0.0000,0.0000,-616.3078,0.0000,-616.3078,-616.3078,0.0000
3RL7,G2837S,415,935.3303,760.2652,358.6787,26.8549,-2527.7780,-183.7918,0.0000,0.0000,0.0000,-630.4407,0.0000,-630.4407,-630.4407,0.0000
3RL7,G2837S,416,935.7874,759.7515,358.7133,26.8279,-2527.8445,-183.6806,0.0000,0.0000,0.0000,-630.4450,0.0000,-630.4450,-630.4450,0.0000
3RL7,G2837S,417,867.5120,769.9114,360.2782,26.5346,-2530.6484,-185.6000,0.0000,0.0000,0.0000,-692.0122,0.0000,-692.0122,-692.0122,0.0000
3RL7,G2837S,418,822.7316,783.9886,361.1090,31.5136,-2533.3131,-186.3609,0.0000,0.0000,0.0000,-720.3312,0.0000,-720.3312,-720.3312,0.0000
3RL7,G2837S,419,802.7407,801.5159,361.0360,43.8961,-2535.8523,-185.8753,0.0000,0.0000,0.0000,-712.5388,0.0000,-712.5388,-712.5388,0.0000
3RL7,G2837S,420,814.3120,788.7465,361.1783,34.2465,-2534.0629,-186.3533,0.0000,0.0000,0.0000,-721.9328,0.0000,-721.9328,-721.9328,0.0000
3RL7,G2837S,421,812.5763,789.9519,361.1832,35.0156,-2534.2445,-186.3351,0.0000,0.0000,0.0000,-721.8526,0.0000,-721.8526,-721.8526,0.0000
3RL7,G2837S,422,814.1327,788.8663,361.1790,34.3216,-2534.0811,-186.3517,0.0000,0.0000,0.0000,-721.9332,0.0000,-721.9332,-721.9332,0.0000
3RL7,G2837S,423,754.7631,798.8429,362.1013,27.8765,-2535.8091,-189.9652,0.0000,0.0000,0.0000,-782.1905,0.0000,-782.1905,-782.1905,0.0000
3RL7,G2837S,424,723.4374,814.5650,363.0025,24.3456,-2537.4444,-192.1309,0.0000,0.0000,0.0000,-804.2248,0.0000,-804.2248,-804.2248,0.0000
3RL7,G2837S,425,720.7762,835.7730,364.0697,23.4266,-2538.9973,-192.8069,0.0000,0.0000,0.0000,-787.7587,0.0000,-787.7587,-787.7587,0.0000
3RL7,G2837S,426,721.8720,816.4436,363.0977,24.1409,-2537.6031,-192.2667,0.0000,0.0000,0.0000,-804.3156,0.0000,-804.3156,-804.3156,0.0000
3RL7,G2837S,427,722.2576,815.9420,363.0724,24.1924,-2537.5613,-192.2323,0.0000,0.0000,0.0000,-804.3291,0.0000,-804.3291,-804.3291,0.0000
3RL7,G2837S,428,708.4017,780.0747,362.5502,20.3906,-2540.8040,-191.4985,0.0000,0.0000,0.0000,-860.8852,0.0000,-860.8852,-860.8852,0.0000
3RL7,G2837S,429,718.1138,751.2716,362.4931,19.1964,-2543.9439,-188.8000,0.0000,0.0000,0.0000,-881.6690,0.0000,-881.6690,-881.6690,0.0000
3RL7,G2837S,430,749.0569,729.9939,362.7722,20.1109,-2546.9792,-183.8666,0.0000,0.0000,0.0000,-868.9120,0.0000,-868.9120,-868.9120,0.0000
3RL7,G2837S,431,720.5526,748.5233,362.5088,19.2012,-2544.2871,-188.3673,0.0000,0.0000,0.0000,-881.8686,0.0000,-881.8686,-881.8686,0.0000
3RL7,G2837S,432,673.5439,746.6878,362.3403,18.4510,-2548.1543,-190.4583,0.0000,0.0000,0.0000,-937.5897,0.0000,-937.5897,-937.5897,0.0000
3RL7,G2837S,433,652.4092,748.8920,362.4797,18.3363,-2551.8672,-191.4441,0.0000,0.0000,0.0000,-961.1940,0.0000,-961.1940,-961.1940,0.0000
3RL7,G2837S,434,657.2080,755.1936,363.0003,18.8813,-2555.4264,-191.2407,0.0000,0.0000,0.0000,-952.3838,0.0000,-952.3838,-952.3838,0.0000
3RL7,G2837S,435,651.2157,749.9718,362.5624,18.4017,-2552.6963,-191.5061,0.0000,0.0000,0.0000,-962.0506,0.0000,-962.0506,-962.0506,0.0000
3RL7,G2837S,436,608.7489,746.4169,362.2388,16.0953,-2554.7003,-196.6380,0.0000,0.0000,0.0000,-1017.8385,0.0000,-1017.8385,-1017.8385,0.0000
3RL7,G2837S,437,583.7775,747.1674,362.6101,16.1122,-2556.5887,-199.8108,0.0000,0.0000,0.0000,-1046.7323,0.0000,-1046.7323,-1046.7323,0.0000
3RL7,G2837S,438,577.4346,752.2000,363.7218,18.6113,-2558.3688,-201.0325,0.0000,0.0000,0.0000,-1047.4335,0.0000,-1047.4335,-1047.4335,0.0000
3RL7,G2837S,439,590.8059,761.4931,365.5283,23.7334,-2560.0378,-200.2601,0.0000,0.0000,0.0000,-1018.7372,0.0000,-1018.7372,-1018.7372,0.0000
3RL7,G2837S,440,578.0591,749.2728,363.1016,17.1027,-2557.5351,-200.6959,0.0000,0.0000,0.0000,-1050.6948,0.0000,-1050.6948,-1050.6948,0.0000
3RL7,G2837S,441,562.3113,715.8713,362.7146,17.7440,-2558.7868,-199.4193,0.0000,0.0000,0.0000,-1099.5649,0.0000,-1099.5649,-1099.5649,0.0000
3RL7,G2837S,442,573.1393,688.6088,362.8596,19.2792,-2559.9704,-197.1069,0.0000,0.0000,0.0000,-1113.1904,0.0000,-1113.1904,-1113.1904,0.0000
3RL7,G2837S,443,609.8491,667.4097,363.5530,21.4340,-2561.0982,-193.6382,0.0000,0.0000,0.0000,-1092.4907,0.0000,-1092.4907,-1092.4907,0.0000
3RL7,G2837S,444,570.7400,691.2239,362.8184,19.0823,-2559.8471,-197.4060,0.0000,0.0000,0.0000,-1113.3886,0.0000,-1113.3886,-1113.3886,0.0000
3RL7,G2837S,445,531.4902,682.7065,362.7749,19.5682,-2562.0973,-195.7095,0.0000,0.0000,0.0000,-1161.2670,0.0000,-1161.2670,-1161.2670,0.0000
3RL7,G2837S,446,513.1117,678.9964,363.3001,21.6291,-2564.2776,-192.3071,0.0000,0.0000,0.0000,-1179.5474,0.0000,-1179.5474,-1179.5474,0.0000
3RL7,G2837S,447,515.9705,680.0662,364.3771,25.3014,-2566.3975,-187.1333,0.0000,0.0000,0.0000,-1167.8156,0.0000,-1167.8156,-1167.8156,0.0000
3RL7,G2837S,448,512.3761,678.8802,363.3927,21.9559,-2564.5151,-191.8228,0.0000,0.0000,0.0000,-1179.7331,0.0000,-1179.7331,-1179.7331,0.0000
3RL7,G2837S,449,480.6521,675.5751,363.9843,21.1035,-2567.3058,-197.2280,0.0000,0.0000,0.0000,-1223.2188,0.0000,-1223.2188,-1223.2188,0.0000
3RL7,G2837S,450,468.5393,677.1941,365.0348,21.9996,-2570.1038,-201.2861,0.0000,0.0000,0.0000,-1238.6221,0.0000,-1238.6221,-1238.6221,0.0000
3RL7,G2837S,451,475.7023,683.6451,366.4301,24.8794,-2572.9131,-203.9954,0.0000,0.0000,0.0000,-1226.2516,0.0000,-1226.2516,-1226.2516,0.0000
3RL7,G2837S,452,468.3936,677.6233,365.1607,22.1941,-2570.3842,-201.6180,0.0000,0.0000,0.0000,-1238.6305,0.0000,-1238.6305,-1238.6305,0.0000
3RL7,G2837S,453,468.4380,677.4157,365.1011,22.1003,-2570.2524,-201.4638,0.0000,0.0000,0.0000,-1238.6611,0.0000,-1238.6611,-1238.6611,0.0000
3RL7,G2837S,454,461.3372,652.5606,365.0763,21.5949,-2572.6870,-206.1059,0.0000,0.0000,0.0000,-1278.2239,0.0000,-1278.2239,-1278.2239,0.0000
3RL7,G2837S,455,476.0419,632.5384,365.4292,22.3882,-2575.1816,-209.2383,0.0000,0.0000,0.0000,-1288.0222,0.0000,-1288.0222,-1288.0222,0.0000
3RL7,G2837S,456,512.4241,617.6412,366.2612,24.0190,-2577.7396,-210.8490,0.0000,0.0000,0.0000,-1268.2431,0.0000,-1268.2431,-1268.2431,0.0000
3RL7,G2837S,457,472.0289,635.5715,365.3378,22.1859,-2574.7554,-208.8148,0.0000,0.0000,0.0000,-1288.4462,0.0000,-1288.4462,-1288.4462,0.0000
3RL7,G2837S,458,440.9025,632.0419,365.0063,21.3312,-2577.3002,-210.0196,0.0000,0.0000,0.0000,-1328.0380,0.0000,-1328.0380,-1328.0380,0.0000
3RL7,G2837S,459,426.9490,633.1281,365.1486,21.5885,-2579.9011,-209.9168,0.0000,0.0000,0.0000,-1343.0038,0.0000,-1343.0038,-1343.0038,0.0000
3RL7,G2837S,460,430.0479,638.9271,365.8086,23.1128,-2582.5544,-208.4498,0.0000,0.0000,0.0000,-1333.1077,0.0000,-1333.1077,-1333.1077,0.0000
3RL7,G2837S,461,426.4798,633.5081,365.1920,21.6850,-2580.1734,-209.8295,0.0000,0.0000,0.0000,-1343.1380,0.0000,-1343.1380,-1343.1380,0.0000
3RL7,G2837S,462,399.6448,628.1978,364.3658,21.6733,-2583.0817,-209.6326,0.0000,0.0000,0.0000,-1378.8326,0.0000,-1378.8326,-1378.8326,0.0000
3RL7,G2837S,463,391.5218,628.4342,364.0422,22.8681,-2586.0238,-208.2745,0.0000,0.0000,0.0000,-1387.4319,0.0000,-1387.4319,-1387.4319,0.0000
3RL7,G2837S,464,402.4639,634.3729,364.2796,25.4015,-2588.9945,-205.7470,0.0000,0.0000,0.0000,-1368.2236,0.0000,-1368.2236,-1368.2236,0.0000
3RL7,G2837S,465,391.6038,627.9600,364.0623,22.5466,-2585.4687,-208.6186,0.0000,0.0000,0.0000,-1387.9147,0.0000,-1387.9147,-1387.9147,0.0000
3RL7,G2837S,466,386.8280,604.6131,362.5946,21.6253,-2588.0933,-209.0692,0.0000,0.0000,0.0000,-1421.5015,0.0000,-1421.5015,-1421.5015,0.0000
3RL7,G2837S,467,401.2135,586.8243,361.6095,21.6026,-2590.7144,-208.6086,0.0000,0.0000,0.0000,-1428.0732,0.0000,-1428.0732,-1428.0732,0.0000
3RL7,G2837S,468,434.4682,574.7029,361.1181,22.2927,-2593.3308,-207.2045,0.0000,0.0000,0.0000,-1407.9535,0.0000,-1407.9535,-1407.9535,0.0000
3RL7,G2837S,469,395.7513,590.8184,361.8143,21.5347,-2590.0476,-208.8138,0.0000,0.0000,0.0000,-1428.9428,0.0000,-1428.9428,-1428.9428,0.0000
3RL7,G2837S,470,371.5371,590.9154,360.0276,21.0263,-2592.3397,-212.3844,0.0000,0.0000,0.0000,-1461.2176,0.0000,-1461.2176,-1461.2176,0.0000
3RL7,G2837S,471,366.1142,596.2467,358.9071,21.5761,-2594.6827,-214.6802,0.0000,0.0000,0.0000,-1466.5188,0.0000,-1466.5188,-1466.5188,0.0000
3RL7,G2837S,472,379.0592,606.7694,358.5984,23.1907,-2597.0783,-215.6869,0.0000,0.0000,0.0000,-1445.1474,0.0000,-1445.1474,-1445.1474,0.0000
3RL7,G2837S,473,365.7977,594.0870,359.1648,21.2981,-2593.9694,-214.1216,0.0000,0.0000,0.0000,-1467.7436,0.0000,-1467.7436,-1467.7436,0.0000
3RL7,G2837S,474,343.1658,591.9398,358.6694,21.6303,-2596.4556,-217.7378,0.0000,0.0000,0.0000,-1498.7880,0.0000,-1498.7880,-1498.7880,0.0000
3RL7,G2837S,475,340.8801,595.8194,358.7119,22.3952,-2599.0205,-219.9131,0.0000,0.0000,0.0000,-1501.1269,0.0000,-1501.1269,-1501.1269,0.0000
3RL7,G2837S,476,359.2116,605.7767,359.2779,23.7072,-2601.6758,-220.5979,0.0000,0.0000,0.0000,-1474.3002,0.0000,-1474.3002,-1474.3002,0.0000
3RL7,G2837S,477,339.3443,593.4561,358.6297,22.0156,-2597.9345,-219.1787,0.0000,0.0000,0.0000,-1503.6675,0.0000,-1503.6675,-1503.6675,0.0000
3RL7,G2837S,478,339.3639,569.2004,358.3269,21.4609,-2600.7238,-221.4519,0.0000,0.0000,0.0000,-1533.8237,0.0000,-1533.8237,-1533.8237,0.0000
3RL7,G2837S,479,358.7948,551.7771,358.4393,21.4666,-2603.5189,-222.4517,0.0000,0.0000,0.0000,-1535.4927,0.0000,-1535.4927,-1535.4927,0.0000
3RL7,G2837S,480,397.8482,541.4022,358.9535,21.9944,-2606.3258,-221.9787,0.0000,0.0000,0.0000,-1508.1062,0.0000,-1508.1062,-1508.1062,0.0000
3RL7,G2837S,481,347.7962,558.6244,358.3393,21.3977,-2602.2818,-222.1780,0.0000,0.0000,0.0000,-1538.3021,0.0000,-1538.3021,-1538.3021,0.0000
3RL7,G2837S,482,333.3896,548.3815,357.2336,21.3787,-2605.3081,-223.8365,0.0000,0.0000,0.0000,-1568.7611,0.0000,-1568.7611,-1568.7611,0.0000
3RL7,G2837S,483,338.3057,544.5063,356.5377,21.8012,-2608.3798,-223.6139,0.0000,0.0000,0.0000,-1570.8428,0.0000,-1570.8428,-1570.8428,0.0000
3RL7,G2837S,484,362.4094,547.1218,356.2748,22.6365,-2611.5034,-221.2137,0.0000,0.0000,0.0000,-1544.2746,0.0000,-1544.2746,-1544.2746,0.0000
3RL7,G2837S,485,333.8525,545.3740,356.7831,21.5689,-2607.0623,-223.9549,0.0000,0.0000,0.0000,-1573.4386,0.0000,-1573.4386,-1573.4386,0.0000
3RL7,G2837S,486,316.9628,541.8889,355.4915,21.9171,-2609.9897,-226.8548,0.0000,0.0000,0.0000,-1600.5843,0.0000,-1600.5843,-1600.5843,0.0000
3RL7,G2837S,487,321.4782,544.0248,354.6166,22.6179,-2612.9633,-228.1712,0.0000,0.0000,0.0000,-1598.3970,0.0000,-1598.3970,-1598.3970,0.0000
3RL7,G2837S,488,316.2772,542.1071,355.0665,22.1735,-2611.2487,-227.6228,0.0000,0.0000,0.0000,-1603.2472,0.0000,-1603.2472,-1603.2472,0.0000
3RL7,G2837S,489,311.1822,528.2201,353.8663,22.2195,-2614.5103,-231.7016,0.0000,0.0000,0.0000,-1630.7238,0.0000,-1630.7238,-1630.7238,0.0000
3RL7,G2837S,490,322.9550,520.8516,353.1736,22.6153,-2617.8473,-234.0205,0.0000,0.0000,0.0000,-1632.2724,0.0000,-1632.2724,-1632.2724,0.0000
3RL7,G2837S,491,351.4022,520.1716,352.9827,23.3709,-2621.2658,-234.5164,0.0000,0.0000,0.0000,-1607.8549,0.0000,-1607.8549,-1607.8549,0.0000
3RL7,G2837S,492,315.7061,523.2822,353.4166,22.3974,-2616.3684,-233.2194,0.0000,0.0000,0.0000,-1634.7855,0.0000,-1634.7855,-1634.7855,0.0000
3RL7,G2837S,493,302.9086,519.1368,352.7478,21.2979,-2619.8185,-236.4078,0.0000,0.0000,0.0000,-1660.1351,0.0000,-1660.1351,-1660.1351,0.0000
3RL7,G2837S,494,312.3733,521.4774,352.6966,20.9056,-2623.3399,-237.9557,0.0000,0.0000,0.0000,-1653.8427,0.0000,-1653.8427,-1653.8427,0.0000
3RL7,G2837S,495,303.4171,519.1566,352.6677,21.1000,-2620.8736,-237.0521,0.0000,0.0000,0.0000,-1661.5844,0.0000,-1661.5844,-1661.5844,0.0000
3RL7,G2837S,496,287.5960,519.3025,352.3259,20.7920,-2624.1422,-239.4893,0.0000,0.0000,0.0000,-1683.6150,0.0000,-1683.6150,-1683.6150,0.0000
3RL7,G2837S,497,301.0613,527.9980,352.6865,21.2705,-2627.5086,-240.1497,0.0000,0.0000,0.0000,-1664.6421,0.0000,-1664.6421,-1664.6421,0.0000
3RL7,G2837S,498,287.6255,519.7861,352.3299,20.8045,-2624.4742,-239.6385,0.0000,0.0000,0.0000,-1683.5667,0.0000,-1683.5667,-1683.5667,0.0000
3RL7,G2837S,499,287.5727,519.4772,352.3266,20.7959,-2624.2690,-239.5484,0.0000,0.0000,0.0000,-1683.6450,0.0000,-1683.6450,-1683.6450,0.0000
3RL7,G2837S,500,287.5727,519.4772,352.3266,20.7959,-2624.2690,-239.5484,0.0000,0.0000,0.0000,-1683.6450,0.0000,-1683.6450,-1683.6450,0.0000
